source,link,text,sentiment,score
YouTube,https://www.youtube.com/watch?v=5k-d5ygc27o,bro meri rank 1.3 lakh hai mujhe kisme kya kya mil skta hai homestate up se obc category se hu please bro reply me its humble request🙏🙏🙏,NEUTRAL,0.0
YouTube,https://www.youtube.com/watch?v=5k-d5ygc27o,Bhai direct admission possible hai kya ?,NEUTRAL,0.0
YouTube,https://www.youtube.com/watch?v=GF7RV4YSECk,Bhaiya Boys Hostel hai kya??,NEUTRAL,0.0
YouTube,https://www.youtube.com/watch?v=GF7RV4YSECk,Rank how much required,NEUTRAL,0.0
YouTube,https://www.youtube.com/watch?v=GF7RV4YSECk,Bhaiya admission k liye any exam dena parega kya?,NEUTRAL,0.0
YouTube,https://www.youtube.com/watch?v=GF7RV4YSECk,"Nahi, pahale nhi tha ,abka  pata nahi, but admission easily ho jayega.",NEUTRAL,0.0
YouTube,https://www.youtube.com/watch?v=Ho4GFLsRyY4,vips tc b tech video fast,NEUTRAL,0.0
YouTube,https://www.youtube.com/watch?v=Ho4GFLsRyY4,vips tc b tech video fast  and please tell date when will video upload,NEUTRAL,0.0
YouTube,https://www.youtube.com/watch?v=Ho4GFLsRyY4,vips tc b tech video fast and date when will video will upload ???,NEUTRAL,0.0
YouTube,https://www.youtube.com/watch?v=Ho4GFLsRyY4,"Sir registration kar rakhi h , fees payment bhi kar di thi choice filling karna reh gya tha round 2 se pehle chance milta h choice filling karne ka ? For btech",NEUTRAL,0.0
YouTube,https://www.youtube.com/watch?v=Ho4GFLsRyY4,yes milta hai after every round... keep checking the site,POSITIVE,0.4495
YouTube,https://www.youtube.com/watch?v=Ho4GFLsRyY4,bvcoe mein btech m uniform hai?,NEUTRAL,0.0
YouTube,https://www.youtube.com/watch?v=Ho4GFLsRyY4,bhai ac hai bvocr aur bpit mai ?,NEUTRAL,0.0
YouTube,https://www.youtube.com/watch?v=Ho4GFLsRyY4,Bvcoe m hai bpit m nahi,NEUTRAL,0.0
YouTube,https://www.youtube.com/watch?v=Ho4GFLsRyY4,Bvcoe me gender ratio jada hai kya btech me?Or strictness bpit or bvcoe kisme jada hai?,NEUTRAL,0.0
YouTube,https://www.youtube.com/watch?v=Ho4GFLsRyY4,Bpit me jyada h strictness nd ratio dono me equal h almost,NEUTRAL,0.0
YouTube,https://www.youtube.com/watch?v=Ho4GFLsRyY4,"​@hemantbhaiyavlogs1851Bhai msit 2nd shift me cse mil skti hai,lekin hai bahut dur 32 station hai,bvcoe me bhi cse milri,bvcoe hi rkhu fir upr?clg life bhi shi chahiye thodi mujko kyuki or bvcoe me uniform hai kya pure week??",NEGATIVE,-0.3723
YouTube,https://www.youtube.com/watch?v=Ho4GFLsRyY4,Bhaiya kya mai aapse direct contact krr skta hu,NEUTRAL,0.0
YouTube,https://www.youtube.com/watch?v=Ho4GFLsRyY4,Thora jldi reply kijiyega,POSITIVE,0.3612
YouTube,https://www.youtube.com/watch?v=Ho4GFLsRyY4,Insta pe krdo dm,NEUTRAL,0.0
YouTube,https://www.youtube.com/watch?v=TbR-jRi3j4I,Good review.......,POSITIVE,0.7423
YouTube,https://www.youtube.com/watch?v=i1reU8cShU4,Mujhe konsa dilwaoge 😂,NEUTRAL,0.0
YouTube,https://www.youtube.com/watch?v=i1reU8cShU4,Akhilesh das pr bhi banao,NEGATIVE,-0.3586
YouTube,https://www.youtube.com/watch?v=i1reU8cShU4,Bhaiya mait. Par banao,NEGATIVE,-0.3824
YouTube,https://www.youtube.com/watch?v=i1reU8cShU4,"Can u pls give source if wat u r saying because on college prabesh website
BPIT -MEDIAN-4.50 LPA
BVCOE-MEDIAN- 6.50LPA
You also use college pravesh website to show ranks and cuttoffs in your videos that's why me keh rha hu
PLS CORRECT ME IF I AM WRONG AND PLS TELL THE SOURCE TOO BHAIYA 🙏🙏🙏🙏🙏🙏🙏🙏🙏",NEGATIVE,-0.4667
YouTube,https://www.youtube.com/watch?v=i1reU8cShU4,Almost Equal but MAIT apne Placement stats Boht Inflate karke dikhata hain,NEGATIVE,-0.4643
YouTube,https://www.youtube.com/watch?v=i1reU8cShU4,Bhaiya obc ncl rank 1lakh aur crl 2.9 lakh kya mil sakta hai mujhe best please bata dijye in ipu,NEUTRAL,0.0
YouTube,https://www.youtube.com/watch?v=i1reU8cShU4,177 k obc cse it mil jyegii ?? Outside delhi??,NEUTRAL,0.0
YouTube,https://www.youtube.com/watch?v=i1reU8cShU4,Maire pas it branch hai konsi achi hogi bvcoe it or bpit it . Bvcoe ka campus bhi thora acha hai bpit se overall har chize dekhte hue bata do yar😊,POSITIVE,0.4198
YouTube,https://www.youtube.com/watch?v=i1reU8cShU4,Maine BPIT liya h,NEUTRAL,0.0
YouTube,https://www.youtube.com/watch?v=i1reU8cShU4,Rank kitni thi??,NEUTRAL,0.0
YouTube,https://www.youtube.com/watch?v=i1reU8cShU4,"Sir ji ,  padai and faculties Kahan acchi hai BPIT or BVCOE",POSITIVE,0.3657
YouTube,https://www.youtube.com/watch?v=i1reU8cShU4,I get 117 k rank in jee mains general inside delhi can i get bpit cse plz reply,NEUTRAL,0.0
YouTube,https://www.youtube.com/watch?v=i1reU8cShU4,Bhai mil jaygi CSE bpit me,NEUTRAL,0.0
YouTube,https://www.youtube.com/watch?v=i1reU8cShU4,"I am from BPIT CSE , BPIT CSE IS MORE BETTER THEN BVPCOE in term of placement and every things",POSITIVE,0.4674
YouTube,https://www.youtube.com/watch?v=i1reU8cShU4,Bhai 1.91L me bpit me IT ya CSE mil sakti hai??,NEUTRAL,0.0
YouTube,https://www.youtube.com/watch?v=i1reU8cShU4,bro 151k me bpit me cse ya IT mil skti hai?,NEUTRAL,0.0
YouTube,https://www.youtube.com/watch?v=i1reU8cShU4,​@Animalscorner-r4u 150k here. If you have Delhi domicile you have a chance at CSE(DS) as that closed at 156k last year.,NEUTRAL,0.0
YouTube,https://www.youtube.com/watch?v=i1reU8cShU4,Cse to nhi milegi mujhe ....IT sahi hai??,NEGATIVE,-0.4652
YouTube,https://www.youtube.com/watch?v=i1reU8cShU4,@AcroNym-cu6mg bvp ki IT is not good,NEGATIVE,-0.9254
YouTube,https://www.youtube.com/watch?v=i1reU8cShU4,"Bpit me top company kon kon se aati hai??  Microsoft, google jaise aati h ??????",NEUTRAL,0.0
YouTube,https://www.youtube.com/watch?v=i1reU8cShU4,"​@Sema-v2c IPU mein top companies nahi aati.

Campus pe WITCH companies aati hai.",NEUTRAL,0.0
YouTube,https://www.youtube.com/watch?v=i1reU8cShU4,@Sema-v2c Nope bro aati nhi ye sb college agar bol bhi rha h toh jhooth bolra h,NEGATIVE,-0.3763
YouTube,https://www.youtube.com/watch?v=i1reU8cShU4,Please reply but i heard bpit mangement and admin is bad,NEGATIVE,-0.933
YouTube,https://www.youtube.com/watch?v=i1reU8cShU4,Bhaiya Fund wala seen aab aagaya hai collage may Idea sai hai tho mil raha hai fund.,NEUTRAL,0.0
YouTube,https://www.youtube.com/watch?v=i1reU8cShU4,@anonymousmax084 itna bada scene nhi hai if you are avg then dono bvp bpit koi bhi  dhyan nhi dega management ki baat common hai its good but not too supportive .,POSITIVE,0.352
YouTube,https://www.youtube.com/watch?v=i1reU8cShU4,@Animalscorner-r4u offline spot me mil jayega,NEUTRAL,0.0
YouTube,https://www.youtube.com/watch?v=i1reU8cShU4,@akshitthakran9064 it mil hayegi offline spot me,NEUTRAL,0.0
YouTube,https://www.youtube.com/watch?v=i1reU8cShU4,@Animalscorner-r4u mil jayegi offline spot me,NEUTRAL,0.0
YouTube,https://www.youtube.com/watch?v=i1reU8cShU4,Bhai Mai pg dekh rhu near BPIT please help,NEUTRAL,0.0
YouTube,https://www.youtube.com/watch?v=i1reU8cShU4,Maine kyu liya bvcoe😢,NEGATIVE,-0.522
YouTube,https://www.youtube.com/watch?v=FXPnPYo04a8,Bhai ka suruaat wala dilog badhiya hai aram se hostel life discuss kar rahe honge,NEGATIVE,-0.3953
YouTube,https://www.youtube.com/watch?v=FXPnPYo04a8,Bhai without jee mains ki rank ke bina Mtlb donation se admission hate hai kya plz reply,NEGATIVE,-0.4455
YouTube,https://www.youtube.com/watch?v=FXPnPYo04a8,88.35 percentile pr cse mil jaye ga bpit mai,NEUTRAL,0.0
YouTube,https://www.youtube.com/watch?v=FXPnPYo04a8,90 percent chance hai,NEUTRAL,0.0
YouTube,https://www.youtube.com/watch?v=FXQielF3mno,Sir maine 10+2 up board se pass kiya hai 62% hai to addmission ho payega 😢,NEGATIVE,-0.4668
YouTube,https://www.youtube.com/watch?v=FXQielF3mno,Placement wise kesa h college ?,NEUTRAL,0.0
YouTube,https://www.youtube.com/watch?v=FXQielF3mno,"Sir am complete my diploma in ME , am eligible to admission in CSE through lateral entry?",NEUTRAL,0.0
YouTube,https://www.youtube.com/watch?v=FXQielF3mno,Admission close ho gye kya bpit ke,NEGATIVE,-0.3997
YouTube,https://www.youtube.com/watch?v=FXQielF3mno,Sir cbse me 80 aaye hai jee nhi diya kya admission ho skta hai pls reply,NEUTRAL,0.0
YouTube,https://www.youtube.com/watch?v=FXQielF3mno,How to get admission through management quota?,NEUTRAL,0.0
YouTube,https://www.youtube.com/watch?v=FXQielF3mno,Get admission kase krata hai,NEGATIVE,-0.3777
YouTube,https://www.youtube.com/watch?v=FXQielF3mno,For admission call 𝟖𝟏𝟕𝟖𝟎𝟑𝟐𝟓𝟓𝟕,NEUTRAL,0.0
YouTube,https://www.youtube.com/watch?v=FXQielF3mno,sir jee me 85 %ile aaya hai ipu m kya kya mil sakta hai ??,NEUTRAL,0.0
YouTube,https://www.youtube.com/watch?v=FXQielF3mno,Hostel hai ki ni,NEGATIVE,-0.3905
YouTube,https://www.youtube.com/watch?v=FXQielF3mno,"😢😢 kitne paise khilaya hai BPIT walo ne apko
170k hai fee first year ka
150hai fee 2,3,4 year ka
Aur jo class dekhya hai vo bs bba walo ka hai or AC bhi 
Bs senior achche hai or kuch society bhi  warna ye wahiyat college hota",NEGATIVE,-0.4686
YouTube,https://www.youtube.com/watch?v=FXQielF3mno,BBA ki hai kya ye fees 170000???,NEUTRAL,0.0
YouTube,https://www.youtube.com/watch?v=FXQielF3mno,Bhai placement wise kesa h ?,NEUTRAL,0.0
YouTube,https://www.youtube.com/watch?v=WQO8sAUbEN8,Phn to koi pick nahin karta,NEGATIVE,-0.4152
YouTube,https://www.youtube.com/watch?v=WQO8sAUbEN8,Kaise contact karein,NEUTRAL,0.0
YouTube,https://www.youtube.com/watch?v=WQO8sAUbEN8,Bhaiya btech cs me koi chance h bpit m board m 89 h 2.3 lakh rank h,NEUTRAL,0.0
YouTube,https://www.youtube.com/watch?v=WQO8sAUbEN8,Mila tha kya ye college us time pe ?,NEUTRAL,0.0
YouTube,https://www.youtube.com/watch?v=WQO8sAUbEN8,Bhai 66% hai ab jee kahaa se du😢,NEGATIVE,-0.4617
YouTube,https://www.youtube.com/watch?v=WQO8sAUbEN8,75.9 pe kaha cse melega,NEGATIVE,-0.3541
YouTube,https://www.youtube.com/watch?v=WQO8sAUbEN8,@HideAndSeek00 kon sa college ma,NEUTRAL,0.0
YouTube,https://www.youtube.com/watch?v=WQO8sAUbEN8,@Prateek-gv4rx delhi region h ye btao?.... Or rank kya h apki,NEUTRAL,0.0
YouTube,https://www.youtube.com/watch?v=WQO8sAUbEN8,"@HideAndSeek00 is percentile pa 3 L rank bani 
Outside",NEUTRAL,0.0
YouTube,https://www.youtube.com/watch?v=WQO8sAUbEN8,@Prateek-gv4rx ipu kr lower colleges milenge... Agr mehnat kroge to hi place hoge wrna tough h.... Ya to interships pr focus krna.... Colleges ke naam google maro... Ipu ke... Cutoff check kro... Or jisme milra h... Usko first preference pe rkhna... Baki top collg me nhi milega...mai try krta naam btane ki thodi der me,NEGATIVE,-0.3513
YouTube,https://www.youtube.com/watch?v=WQO8sAUbEN8,@HideAndSeek00 bhai jis ma nahi mil raha usa upar nahi rakh sakta kya,NEUTRAL,0.0
YouTube,https://www.youtube.com/watch?v=WQO8sAUbEN8,"@Prateek-gv4rx fir jo mil rha h na uske chances km ho jate h.... 
Maine choice fill kri h... Ab msit jo h wo bpit se upr h but msit ke chance km h Or bpit ke zyada to Maine bpit or usar jaise college ko upr rakha h... 

Or baki spot round ka dhyan krna",NEGATIVE,-0.3557
YouTube,https://www.youtube.com/watch?v=WQO8sAUbEN8,60 percentile par cse milega kya,NEUTRAL,0.0
YouTube,https://www.youtube.com/watch?v=WQO8sAUbEN8,Same percentile bro kaha le rhe ho admission,NEUTRAL,0.0
YouTube,https://www.youtube.com/watch?v=WQO8sAUbEN8,@Movie4u-v5e lena hai kya tumko bhi ?,NEUTRAL,0.0
YouTube,https://www.youtube.com/watch?v=WQO8sAUbEN8,@shivam-sh6hk ha,NEUTRAL,0.0
YouTube,https://www.youtube.com/watch?v=WQO8sAUbEN8,Bhai pagal ho kya?? Sapne m bhi nhi,NEGATIVE,-0.3895
YouTube,https://www.youtube.com/watch?v=WQO8sAUbEN8,@VANSHGUPTA-mq8mk bro tumhara kitna h,NEUTRAL,0.0
YouTube,https://www.youtube.com/watch?v=WQO8sAUbEN8,​@VANSHGUPTA-mq8mkmil jaega donation se thode,NEUTRAL,0.0
Reddit,https://www.reddit.com/r/IPUniversity/comments/1rmyn22/bpit_worst_clg/,"BPIT worst clg Bhai mat ana sabse bekar clg h
Campus vaise hi chhota h bhadwo n aur chota kr diya construction k liye
Classes m ac nai h inpe existing cheeze to acchi hoti nai h nayi banne chale h 
Attendance teacher chill nai h itni aur dean  marks kat leta h sala
Aur ye jo maths ki hod h anurima ye sabse jydada bkl h 
Na campus accha h aur rhi bat placement ki vo to lagbhag sare ipu ki ek jaisi h isse accha vips lelo 
Priority rakho
Mait msit bvcoe vips bpit",NEGATIVE,-0.4201
Reddit,https://www.reddit.com/r/IPUniversity/comments/1rmyn22/bpit_worst_clg/,Thank you for the feedback beta. I’ll remember it while uploading internals.,POSITIVE,0.8838
Reddit,https://www.reddit.com/r/IPUniversity/comments/1rmyn22/bpit_worst_clg/,Mam vo function hota h ya fungson ?,NEUTRAL,0.0
Reddit,https://www.reddit.com/r/IPUniversity/comments/1rmyn22/bpit_worst_clg/,Function. Beta jab mai aapko aage bulati hun fir bhi aap peeche kyu baithte ho ab presentation dene ke liye taiyar rehna after midsems,NEGATIVE,-0.407
Reddit,https://www.reddit.com/r/IPUniversity/comments/1rmyn22/bpit_worst_clg/,Bc presentation kb se hone lgi maths m ye to bola hu ni usne,NEUTRAL,0.0
Reddit,https://www.reddit.com/r/IPUniversity/comments/1rmyn22/bpit_worst_clg/,Don't know about others but humare usme lene wali thi presentation ke naam par baccho se board par question karwati,NEUTRAL,0.0
Reddit,https://www.reddit.com/r/IPUniversity/comments/1rmyn22/bpit_worst_clg/,Agar nai kr paye to?,NEGATIVE,-0.394
Reddit,https://www.reddit.com/r/IPUniversity/comments/1rmyn22/bpit_worst_clg/,Internals bhul jao 🙌,POSITIVE,0.3584
Reddit,https://www.reddit.com/r/IPUniversity/comments/1rmyn22/bpit_worst_clg/,Every point is so fucking true 💔,NEGATIVE,-0.8983
Reddit,https://www.reddit.com/r/IPUniversity/comments/1rmyn22/bpit_worst_clg/,"Looking for faster help, real‑time discussions, or want to connect with fellow GGSIPU aspirants &amp; students? 
Join our official communities:

* Telegram: https://t.me/ipuniversitytards  
* Discord: https://discord.gg/FGU8qVtHUP
* WhatsApp: https://chat.whatsapp.com/BcS2B3eXpvjLr1YcF8ZxJc/

*I am a bot, and this action was performed automatically. Please [contact the moderators of this subreddit](/message/compose/?to=/r/IPUniversity) if you have any questions or concerns.*",NEUTRAL,0.0
Reddit,https://www.reddit.com/r/IPUniversity/comments/1rmyn22/bpit_worst_clg/,how is mait and msit,NEUTRAL,0.0
Reddit,https://www.reddit.com/r/IPUniversity/comments/1rmyn22/bpit_worst_clg/,"msit is same as bpit, mait attendance mai thoda chill hai, i got away with around 40 or 50 percent attendance but some profs are shitty asf ofc har cllg mai hota hai, mait ka campus ofc chota hai but fir wahi ki long term mai campus ka kya hi karoge, some labs are really good, some are shitty, INHONE FACE RECOGNITION MACHINES AUR LAGADI CHUTIYO NE, khair baaki umm internals ke liye work to karna padega baaki to awein hi hai, placements are decent maybe, board pe mass recruiters bhare pade hai 9 10 lpa etc etc",NEGATIVE,-0.5246
Reddit,https://www.reddit.com/r/IPUniversity/comments/1rmyn22/bpit_worst_clg/,what Abt mait? is it good,NEUTRAL,0.0
Reddit,https://www.reddit.com/r/IPUniversity/comments/1rmyn22/bpit_worst_clg/,"i was talking abt mait only, its the best in ipu ( and ipu only ), i have no idea abt msit",NEUTRAL,0.0
Reddit,https://www.reddit.com/r/IPUniversity/comments/1rmyn22/bpit_worst_clg/,"oh thanks for reply dude , god bless you 😊",POSITIVE,0.8176
Reddit,https://www.reddit.com/r/IPUniversity/comments/1rmyn22/bpit_worst_clg/,"so what's the process to apply mait ? 

abhi koi form bharna padega ya sidha jee mains ke result se councelling me Beth jau?",NEUTRAL,0.0
Reddit,https://www.reddit.com/r/IPUniversity/comments/1rmyn22/bpit_worst_clg/,"ipu ke concelling mai bharna hota hai, management quota ka alag process hota hai",NEUTRAL,0.0
Reddit,https://www.reddit.com/r/IPUniversity/comments/1rmyn22/bpit_worst_clg/,dekho mait ka brand zyaada achha hai and vahaan se kaafi logon ne khud se mehnat karke kaafi achha kiya hai life mein but msit location wise better hai and jahn tak meine dekha hai vo marks dil kholke dete hai msit mein baaki campus toh dono ke hi bekar lage mujhe. attendance bhi dono mein chill hai .ek hafta msit ke campus mein bitaya tha aur apna school zyada better laga.,POSITIVE,0.3917
Reddit,https://www.reddit.com/r/IPUniversity/comments/1rmyn22/bpit_worst_clg/,ipu ki counselling ki jo official website hai vahan pe apni profile bnani padhegi and dono jee mains ka result upload krna padega ya shayad 1st attempt ke baad bhi acc bna sakte hai i don't remember phir ek baar counselling start hoti hai toh phir round 1 round 2 round 3 hoga jismein college ka preference order bharna hota hai,NEUTRAL,0.0
Reddit,https://www.reddit.com/r/IPUniversity/comments/1rmyn22/bpit_worst_clg/,"sabse chutiya toh bhai Achal , bhawna suri , charu gupta PIC wali aur yeh pradeep Workshop aur IKS wala lagta hai",NEGATIVE,-0.3518
Reddit,https://www.reddit.com/r/IPUniversity/comments/1rmyn22/bpit_worst_clg/,Placement to same nahi hai bpit ki fir bhi bhot achhi hai vips se specially cse me bpit me to 9. Something hai avg package,POSITIVE,0.3474
Reddit,https://www.reddit.com/r/IPUniversity/comments/1rmyn22/bpit_worst_clg/,kisne bola 9+ h?,NEUTRAL,0.0
Reddit,https://www.reddit.com/r/IPUniversity/comments/1rmyn22/bpit_worst_clg/,Google pe pichli baar check Kiya tha,NEUTRAL,0.0
Reddit,https://www.reddit.com/r/IPUniversity/comments/1rmyn22/bpit_worst_clg/,Usict ki bhi 9 nhi hai bhai 😭,NEGATIVE,-0.5489
Reddit,https://www.reddit.com/r/IPUniversity/comments/1rmyn22/bpit_worst_clg/,Hn to usict to achi aur govt hai uski to achi hogi hi,POSITIVE,0.4099
Reddit,https://www.reddit.com/r/IPUniversity/comments/1rmyn22/bpit_worst_clg/,delulu bhai delulu,NEGATIVE,-0.6837
Reddit,https://www.reddit.com/r/IPUniversity/comments/1mub96b/result_agaya_i_got_bpit/,Result agaya I got bpit,POSITIVE,0.4237
Reddit,https://www.reddit.com/r/IPUniversity/comments/1mub96b/result_agaya_i_got_bpit/,Hnn 8 lakh rank pr khi iit bombay na mil jae tujhe dhyan se,NEGATIVE,-0.3948
Reddit,https://www.reddit.com/r/IPUniversity/comments/1mub96b/result_agaya_i_got_bpit/,mt aa bhot chutiya h college,POSITIVE,0.4028
Reddit,https://www.reddit.com/r/IPUniversity/comments/1mub96b/result_agaya_i_got_bpit/,kal mera first day tha college mein jhant bhar ka campus h na infra na ac h bc,NEUTRAL,0.0
Reddit,https://www.reddit.com/r/IPUniversity/comments/1mub96b/result_agaya_i_got_bpit/,Kaha aaya hai bhai hume bhi dede us website ka link jispe aaya hai,NEUTRAL,0.0
Reddit,https://www.reddit.com/r/IPUniversity/comments/1mub96b/result_agaya_i_got_bpit/,Raat ko ata h bhai,NEUTRAL,0.0
Reddit,https://www.reddit.com/r/IPUniversity/comments/1mub96b/result_agaya_i_got_bpit/,Chal bola kar bhai Kyu Gali sunna chahte ho heart attack aa jata hai,NEGATIVE,-0.4943
Reddit,https://www.reddit.com/r/IPUniversity/comments/1mub96b/result_agaya_i_got_bpit/,https://preview.redd.it/vzl5at4dexjf1.jpeg?width=245&amp;format=pjpg&amp;auto=webp&amp;s=a867082687ee7ad09a578a886ba74a9a7c9fba0e,NEUTRAL,0.0
Reddit,https://www.reddit.com/r/IPUniversity/comments/1mub96b/result_agaya_i_got_bpit/,Nhi aaya chutiya kat raha,NEGATIVE,-0.448
Reddit,https://www.reddit.com/r/IPUniversity/comments/1mub96b/result_agaya_i_got_bpit/,https://preview.redd.it/31uddew0pxjf1.jpeg?width=720&amp;format=pjpg&amp;auto=webp&amp;s=110bd0e8313285dd1c7b335a095e9efa140d68e5,NEUTRAL,0.0
Reddit,https://www.reddit.com/r/IPUniversity/comments/1mub96b/result_agaya_i_got_bpit/,Mat kar la la mat kar,NEGATIVE,-0.4646
Reddit,https://www.reddit.com/r/IPUniversity/comments/1lhzkdq/bpit_or_bvcoe/,BPIT or BVCOE?? 💔💩😭✌️ Which is better BPIT or BVCOE pls tell me which to place above I can get ece in both,NEGATIVE,-0.45
Reddit,https://www.reddit.com/r/IPUniversity/comments/1lhzkdq/bpit_or_bvcoe/,Jesi aapki marzi,NEUTRAL,0.0
Reddit,https://www.reddit.com/r/IPUniversity/comments/1lhzkdq/bpit_or_bvcoe/,"duhhhh, ece from ipu was never a recommended choice...",NEGATIVE,-0.6347
Reddit,https://www.reddit.com/r/IPUniversity/comments/1lhzkdq/bpit_or_bvcoe/,suppose if you're getting ece from mait??,NEUTRAL,0.0
Reddit,https://www.reddit.com/r/IPUniversity/comments/1lhzkdq/bpit_or_bvcoe/,"depends person to person, but nope, imo... ece anywhere except usict ain't a good choice if you're really a placement oriented person...",NEGATIVE,-0.6582
Reddit,https://www.reddit.com/r/IPUniversity/comments/1lhzkdq/bpit_or_bvcoe/,usict no placements ofany branch only 100 placed out of 600,NEUTRAL,0.0
Reddit,https://www.reddit.com/r/IPUniversity/comments/1lhzkdq/bpit_or_bvcoe/,"11th ki starting mein mein soch tha ki kisi tier 3 college se cse nahi karunga. Sirf tier 1 or 2.

Baad mein reality check mil gaya. Yeh situation bhi aasi hi hai agar kisi ki rank kharab aayi hai aur usse ece karna hai toh ipu mein hi karega. Usske paas kuch aur option nahi hai. Iss baat ko samajh.",NEGATIVE,-0.3731
Reddit,https://www.reddit.com/r/IPUniversity/comments/1lhzkdq/bpit_or_bvcoe/,"hnn, you're right on this... but agar shi me passion hai ece me toh ipu ain't bad for ece... padhne wale me dum hai toh kisme itni taaqat hai ki rok le!! ♥️✌🏼✨",POSITIVE,0.4524
Reddit,https://www.reddit.com/r/IPUniversity/comments/1lhzkdq/bpit_or_bvcoe/,"Bvcoe, Kyuki waha fully ac classroom hai.",NEGATIVE,-0.362
Reddit,https://www.reddit.com/r/IPUniversity/comments/1lhzkdq/bpit_or_bvcoe/,"Bpit IT or Akhileash das CS 

which i should choose please help",NEUTRAL,0.0
Reddit,https://www.reddit.com/r/IPUniversity/comments/1lhzkdq/bpit_or_bvcoe/,Bvcoe&gt;&gt;&gt;,NEUTRAL,0.0
Reddit,https://www.reddit.com/r/IPUniversity/comments/1l1oej7/should_i_go_for_bpit_it_85k_rank/,"Should I go for BPIT IT @ 85k rank? CRL- 85k

OUTSIDE DELHI OBC(26k rank)

I analyzed last few years cutoff and realized I am getting BPIT IT in round 3, should I go for it? I want cs related branch only. Or should I participate in spot round but its so much risky for me, other option that i have rn is KIET(cse), I am so much confused as i cant see any other option, pls guide me should i take bpit or like what th am i suppose to do, do i have any other options?? iam already a dropper. I am also getting JAYPEE but i wont take that bcz its not worth the fee in my opinion n also i talked to waha ke seniors and jaypee is strict asf, so apart from jaypee what should i do?",NEGATIVE,-0.6713
Reddit,https://www.reddit.com/r/IPUniversity/comments/1l1oej7/should_i_go_for_bpit_it_85k_rank/,Broo tf 85k pr bpit kyo le rha h.  Spot round is not risky for ipu atleast. Sari branches ki seats padi hoti h. Second spot me apply krio sidha mait ki cs with spec mil jaygi.,NEGATIVE,-0.3786
Reddit,https://www.reddit.com/r/IPUniversity/comments/1l1oej7/should_i_go_for_bpit_it_85k_rank/,"bade bhai dikkat yehi hai ki kuch mil nhi rha, ek to ipu wale spot ki cutoff daalte nhi pre year ki, toh koi idea nhi hai ki kaha tak jaati hai cutoff aur log yahi gaate rehte hai ki risky hai blah blah, chlo dekhta hoon, dhanyawaad",NEGATIVE,-0.4111
Reddit,https://www.reddit.com/r/IPUniversity/comments/1l1oej7/should_i_go_for_bpit_it_85k_rank/,"https://cdnbbsr.s3waas.gov.in/s3ea119a40c1592979f51819b0bd38d39d/uploads/2024/07/2024072618.pdf

Bhai ye last round ki cutoffs h. Sabme thoda bhot add kr lena utne pr hi close hoti h. N speaking from experience ipu me spot me no risk. Last yr sab dekha tha. Kuch puchna ho toh dm me hmu",NEGATIVE,-0.3628
Reddit,https://www.reddit.com/r/IPUniversity/comments/1l1oej7/should_i_go_for_bpit_it_85k_rank/,btw spot round mein bhi float ka option hota hai??,NEUTRAL,0.0
Reddit,https://www.reddit.com/r/IPUniversity/comments/1l1oej7/should_i_go_for_bpit_it_85k_rank/,No. Either take or lose. No in bw,NEGATIVE,-0.792
Reddit,https://www.reddit.com/r/IPUniversity/comments/1l1oej7/should_i_go_for_bpit_it_85k_rank/,Jaypee avg package is 12 for cse and bpit  is 5 lakhs.... And you are saying jaypee is not worth the fees.!??,NEGATIVE,-0.5735
Reddit,https://www.reddit.com/r/IPUniversity/comments/1l1oej7/should_i_go_for_bpit_it_85k_rank/,Bhai 2 lakh se 2.5 lakh Wale ko mil rhi thi bpit it offline spot me raddi k bhav ...,NEGATIVE,-0.3656
Reddit,https://www.reddit.com/r/IPUniversity/comments/1m9piyx/would_u_rather_prefer_bpit_cse_or_mait_it/,Would u rather prefer bpit cse or mait IT??,NEUTRAL,0.0
Reddit,https://www.reddit.com/r/IPUniversity/comments/1m9piyx/would_u_rather_prefer_bpit_cse_or_mait_it/,core cse and MAIT has a lot of tech branches,NEUTRAL,0.0
Reddit,https://www.reddit.com/r/IPUniversity/comments/1m9piyx/would_u_rather_prefer_bpit_cse_or_mait_it/,"Erm theres a correction, i meant MSIT not mait so now whats ur thought",NEUTRAL,0.0
Reddit,https://www.reddit.com/r/IPUniversity/comments/1m9piyx/would_u_rather_prefer_bpit_cse_or_mait_it/,MSIT is really strict with attendance and all so dekhlo. I would choose bpit cse anyday,NEGATIVE,-0.6573
Reddit,https://www.reddit.com/r/IPUniversity/comments/1m9piyx/would_u_rather_prefer_bpit_cse_or_mait_it/,"Ruko ek correction, not mait, MSIT IT OR BPIT CSE",NEUTRAL,0.0
Reddit,https://www.reddit.com/r/IPUniversity/comments/1m9piyx/would_u_rather_prefer_bpit_cse_or_mait_it/,"Msit
Easy choice",NEUTRAL,0.0
Reddit,https://www.reddit.com/r/IPUniversity/comments/1m9piyx/would_u_rather_prefer_bpit_cse_or_mait_it/,"hell nah, MSIT is a school vro",NEGATIVE,-0.746
Reddit,https://www.reddit.com/r/IPUniversity/comments/1m9piyx/would_u_rather_prefer_bpit_cse_or_mait_it/,"😂😂 atleast class mai ac tho hoga or reputation far better than bpit or are dekh bhai bpit ka msit ka 
Baaki rest is ur choice",POSITIVE,0.4015
Reddit,https://www.reddit.com/r/IPUniversity/comments/1m9piyx/would_u_rather_prefer_bpit_cse_or_mait_it/,Msit me AC nhi hai😂😂,NEGATIVE,-0.4107
Reddit,https://www.reddit.com/r/IPUniversity/comments/1m9piyx/would_u_rather_prefer_bpit_cse_or_mait_it/,Woi saari classes mein ac nhi hai lol,NEUTRAL,0.0
Reddit,https://www.reddit.com/r/IPUniversity/comments/1m9piyx/would_u_rather_prefer_bpit_cse_or_mait_it/,Ac sirf vips bvcoe and usict mein hai,NEUTRAL,0.0
Reddit,https://www.reddit.com/r/IPUniversity/comments/1m9piyx/would_u_rather_prefer_bpit_cse_or_mait_it/,"Let me complete the sentence: """"Or rather join in private and stop it forever"""" 🤫",NEGATIVE,-0.478
Reddit,https://www.reddit.com/r/IPUniversity/comments/1kecas7/thinking_of_bpit_delhi_need_the_inside_scoop_from/,"Thinking of BPIT Delhi — Need the Inside Scoop from Seniors! 🎓 Hey seniors!  
I'm planning to take part in IPU counselling this year and I'm from the **Outside Delhi Region** (non-DOMs 😅). I’ve been considering **BPIT Delhi** for CSE/IT, but I really need some real talk from you guys before locking anything in.

Would really appreciate if you could help me out with some info on these points:

💼 **Placements** – What’s the **average &amp; median** for CSE/IT like in recent years? Any good companies hiring?

💸 **Total Fees** – Including **hostel/PG/living expenses** for all 4 years (even rough estimates help)

📚 **Attendance Policy** – What’s the general scene? Chill or strict? Can you manage with projects and intern stuff or do they enforce 75% attendance 😅

🏫 **Infrastructure &amp; Location** – How’s the campus vibe? Chill or meh?

👨‍💻 **Coding Culture** – Active peer group? Good societies?

👥 **Crowd** – Anything about it in general

🎉 **College Life** – Events, fests, food, vibes? Any fun stuff?

If you've got any first-hand info, seniors, please take a minute to drop it here.  
Even short replies mean a lot — it could really help a confused fresher like me make a better choice 🙌",NEUTRAL,0.0
Reddit,https://www.reddit.com/r/IPUniversity/comments/1kecas7/thinking_of_bpit_delhi_need_the_inside_scoop_from/,"Alright I think I can answer this.
Currently decent placement opportunities are present (Avg this year is ranging from 8-10lpa, placement is ongoing for this year), can't tell what's gonna happen in 2029 honestly. (No astrologer can do that)
Campus is small (4-5 acre), just a medium sized ground with a volleyball net and a basketball court, and some football goal posts. Generally Delhi Haryana ka crowd rehta hai toh dekh lo us hisaab se.
Honestly college ke fests are worthless, is saal toh fest ho hi nahi paaya itna chutiya arrangement tha (Sorry for using that language.) AC nahi hai baccho ke liye, that might be concerning for some. Canteen hai, theek thaak khaana mil jaayega. Attendance ka utna pressure nahi hai, iska matlab yeh nhi ki poora sem hi bunk kr do, mahine mai 2-3 baar is fine. Padhna khud se hi hai, teachers ka padhaaya hua nahi smjh aa gya chaahe kuch bhi krlo.
Also kuch societies hai, ek dance ki hai, i think do coding ki hai (not sure). And btech ki fees total maan ke chalo 8 lakh ke kareeb (At max).",NEGATIVE,-0.4198
Reddit,https://www.reddit.com/r/IPUniversity/comments/1kecas7/thinking_of_bpit_delhi_need_the_inside_scoop_from/,pehle aapne hi burai ki thi iss college ki sirrr!,NEGATIVE,-0.3659
Reddit,https://www.reddit.com/r/IPUniversity/comments/1kecas7/thinking_of_bpit_delhi_need_the_inside_scoop_from/,"Mittr jo sach hai vahi bataa rha hu, maana hai maan nahi maana mt maan",NEGATIVE,-0.3895
Reddit,https://www.reddit.com/r/IPUniversity/comments/1m9xn9d/is_bpit_good_for_ece/,Is bpit good for ece,NEUTRAL,0.0
Reddit,https://www.reddit.com/r/IPUniversity/comments/1m9xn9d/is_bpit_good_for_ece/,Ece to yrr m usict m bhi na lu,NEGATIVE,-0.4108
Reddit,https://www.reddit.com/r/IPUniversity/comments/1m9xn9d/is_bpit_good_for_ece/,"Placement tech m e lgti h yr, core opportunities bilkul naa k brabar h on campus",NEGATIVE,-0.4023
Reddit,https://www.reddit.com/r/IPUniversity/comments/1m9xn9d/is_bpit_good_for_ece/,On campus se to vaise bhi ummed nhi h 🕴,NEGATIVE,-0.455
Reddit,https://www.reddit.com/r/IPUniversity/comments/1m9xn9d/is_bpit_good_for_ece/,"Lelo fir, ek bhaiya h, meri gali m, unhone ece e kri thi bpit se, starting m 25k ki nokri lgi thi, 3 saal hogye ab 25lpa ka package h, sb kuch possible h",NEUTRAL,0.0
Reddit,https://www.reddit.com/r/IPUniversity/comments/1m9xn9d/is_bpit_good_for_ece/,"Hmm vhi, anything is possible 🐧",NEUTRAL,0.0
Reddit,https://www.reddit.com/r/IPUniversity/comments/1sm8s0n/bpit_doubt/,bpit doubt hows bpit cse ?? can i expect placements or im gonna sit berojgar at the end of my fourth year,NEGATIVE,-0.5989
Reddit,https://www.reddit.com/r/IPUniversity/comments/1sm8s0n/bpit_doubt/,What the f no way 4 u fr man,NEGATIVE,-0.88
Reddit,https://www.reddit.com/r/IPUniversity/comments/1sm8s0n/bpit_doubt/,bhai aake poster dekh lena frame pe lage honge,NEUTRAL,0.0
Reddit,https://www.reddit.com/r/IPUniversity/comments/1sm8s0n/bpit_doubt/,holy f fir ipu ka konsa thik h ?,NEGATIVE,-0.3816
Reddit,https://www.reddit.com/r/IPUniversity/comments/1sm8s0n/bpit_doubt/,"Ipu me sab hi ese hai .. btw mai bhi clg dekh rha hu, .muje bhi btadio",NEUTRAL,0.0
Reddit,https://www.reddit.com/r/IPUniversity/comments/1sm8s0n/bpit_doubt/,Kitni bnri percentile boss?,NEUTRAL,0.0
Reddit,https://www.reddit.com/r/IPUniversity/comments/1sm8s0n/bpit_doubt/,82 2nd sesh m lgta ni better ayegi wby,NEGATIVE,-0.4282
Reddit,https://www.reddit.com/r/IPUniversity/comments/1sm8s0n/bpit_doubt/,Mera toh chud gya yaar 2nd attempt,NEGATIVE,-0.5647
Reddit,https://www.reddit.com/r/IPUniversity/comments/1sm8s0n/bpit_doubt/,Lol same ko8 aur dera exam?,NEUTRAL,0.0
Reddit,https://www.reddit.com/r/IPUniversity/comments/1sm8s0n/bpit_doubt/,Bhai sabhi vese hai baki college life bachi voh chahiye toh vips jao,NEGATIVE,-0.3447
Reddit,https://www.reddit.com/r/IPUniversity/comments/1stpwwq/how_is_jaypee_noida_is_it_good_in_comparison_to/,"How is Jaypee noida... Is it good in comparison to ipu clgs ( mid tier like bpit , GTBiT ) ..Is it too strict ??",NEGATIVE,-0.5019
Reddit,https://www.reddit.com/r/IPUniversity/comments/1stpwwq/how_is_jaypee_noida_is_it_good_in_comparison_to/,Bpit and gtpit themselves are not good... agar 12thie ho aur placement primary priority hai toh drop lelo,NEGATIVE,-0.7202
Reddit,https://www.reddit.com/r/IPUniversity/comments/1stpwwq/how_is_jaypee_noida_is_it_good_in_comparison_to/,"Arey bro , i have talked to u loll... Dropper hu and ipu me I'm getting good branch ( cse ) in GTBiT only.... Abhi rank dekhi toh I will get cse in Jaypee sec 128.. so uska dekh rha hu abb",POSITIVE,0.3887
Reddit,https://www.reddit.com/r/IPUniversity/comments/1stpwwq/how_is_jaypee_noida_is_it_good_in_comparison_to/,Oh achaaa Haa I remember u okayz,POSITIVE,0.5809
Reddit,https://www.reddit.com/r/IPUniversity/comments/1stpwwq/how_is_jaypee_noida_is_it_good_in_comparison_to/,kya sahi me bpit bvcoe are not good,NEGATIVE,-0.833
Reddit,https://www.reddit.com/r/IPUniversity/comments/1stpwwq/how_is_jaypee_noida_is_it_good_in_comparison_to/,"Rank ke hisaab se toh theek hai par overall ofcourse, they ain't even tier 2 colleges infact no ipu is. Mai khud bpit IT chahta hu",NEGATIVE,-0.4502
Reddit,https://www.reddit.com/r/IPUniversity/comments/1stpwwq/how_is_jaypee_noida_is_it_good_in_comparison_to/,top 4 me aate h dono ipu ke colleges me,NEGATIVE,-0.3497
Reddit,https://www.reddit.com/r/IPUniversity/comments/1stpwwq/how_is_jaypee_noida_is_it_good_in_comparison_to/,If you can afford Jaypee is Good Option then choosing Below BVCOE(CSE-IT) Colleges,NEUTRAL,0.0
Reddit,https://www.reddit.com/r/IPUniversity/comments/1stpwwq/how_is_jaypee_noida_is_it_good_in_comparison_to/,bvcoe cse worth it hai? over jiit,NEGATIVE,-0.3971
Reddit,https://www.reddit.com/r/IPUniversity/comments/1srj1b7/maitmsit_it_or_bvcoebpit_cse/,MAIT/MSIT IT or BVCOE/BPIT CSE CRL: 148xxx,NEUTRAL,0.0
Reddit,https://www.reddit.com/r/IPUniversity/comments/1srj1b7/maitmsit_it_or_bvcoebpit_cse/,Bhai ye branch vs college hai agar tere ko branch chaiye toh 3-4 wala college bhi chale ga but agar college acha chaiye toh MSIT mait,NEUTRAL,0.0
Reddit,https://www.reddit.com/r/IPUniversity/comments/1srj1b7/maitmsit_it_or_bvcoebpit_cse/,uss hi ke beech toh samajh nahi paa rha 😢ki acha college ya acha branch,NEGATIVE,-0.4062
Reddit,https://www.reddit.com/r/IPUniversity/comments/1srj1b7/maitmsit_it_or_bvcoebpit_cse/,Dekh agar aapka interest hai cse mei branch le nhi toh badhiya college le,NEUTRAL,0.0
Reddit,https://www.reddit.com/r/IPUniversity/comments/1srj1b7/maitmsit_it_or_bvcoebpit_cse/,mait cse&gt;msit cse&gt;bvcoe cse&gt;mait it=msit it&gt;bpit cse,NEUTRAL,0.0
Reddit,https://www.reddit.com/r/IPUniversity/comments/1me6pyl/who_are_coming_to_bpit_on_4th_of_august/,"Who are coming to BPIT on 4th of August Hello my fellows I am very excited to go to college and hope that you all will also be, also Mention in the comments which branches you all got and let's meet at 8:50 at the gate on 4th August",POSITIVE,0.6973
Reddit,https://www.reddit.com/r/IPUniversity/comments/1me6pyl/who_are_coming_to_bpit_on_4th_of_august/,BPIT 4 aug se hi khul rha hai ??,NEUTRAL,0.0
Reddit,https://www.reddit.com/r/IPUniversity/comments/1me6pyl/who_are_coming_to_bpit_on_4th_of_august/,Ha bol rahe the usi din hai orientation,NEUTRAL,0.0
Reddit,https://www.reddit.com/r/IPUniversity/comments/1me6pyl/who_are_coming_to_bpit_on_4th_of_august/,Uska kuch itna bataya nahi mene pucha tha kabse aana hai and orientation kab ki to bole 4 ko aajana 9 baje sab kuch usi din hai,NEUTRAL,0.0
Reddit,https://www.reddit.com/r/IPUniversity/comments/1me6pyl/who_are_coming_to_bpit_on_4th_of_august/,Timing to 9.30 ki hoti hai na? There's a confusion ig 9 bje aana hai ya 9.30. btw which branch?,NEGATIVE,-0.4355
Reddit,https://www.reddit.com/r/IPUniversity/comments/1me6pyl/who_are_coming_to_bpit_on_4th_of_august/,mujhe 930 to 5 bola,NEUTRAL,0.0
Reddit,https://www.reddit.com/r/IPUniversity/comments/1me6pyl/who_are_coming_to_bpit_on_4th_of_august/,Yeah probably tbhi jana hai,NEUTRAL,0.0
Reddit,https://www.reddit.com/r/IPUniversity/comments/1me6pyl/who_are_coming_to_bpit_on_4th_of_august/,Yes unhone kaha tha 9 baje aana hai,NEUTRAL,0.0
Reddit,https://www.reddit.com/r/IPUniversity/comments/1me6pyl/who_are_coming_to_bpit_on_4th_of_august/,"Achha, u sure because mujhe 9.30 bola",NEUTRAL,0.0
Reddit,https://www.reddit.com/r/IPUniversity/comments/1me6pyl/who_are_coming_to_bpit_on_4th_of_august/,Unhone phele bola 9 baje fir peeche ek teacher ne bola 9:30 and first day hai to it doesn't matter much.,NEUTRAL,0.0
Reddit,https://www.reddit.com/r/IPUniversity/comments/1me6pyl/who_are_coming_to_bpit_on_4th_of_august/,Means jo spot round mei participate krenge unka batch thoda late start hoga ?,NEGATIVE,-0.439
Reddit,https://www.reddit.com/r/IPUniversity/comments/1me6pyl/who_are_coming_to_bpit_on_4th_of_august/,Ha hamesha hi ye hota hai spot classes start hone ke bad hota hai,NEUTRAL,0.0
Reddit,https://www.reddit.com/r/IPUniversity/comments/1me6pyl/who_are_coming_to_bpit_on_4th_of_august/,Sure!!! Let's meet,POSITIVE,0.6308
Reddit,https://www.reddit.com/r/IPUniversity/comments/1me6pyl/who_are_coming_to_bpit_on_4th_of_august/,Mere bhi it hai bhai milenge,POSITIVE,0.3659
Reddit,https://www.reddit.com/r/IPUniversity/comments/1me6pyl/who_are_coming_to_bpit_on_4th_of_august/,"*This post was mass deleted and anonymized with [Redact](https://redact.dev/home)*

bells lavish reach abounding truck nutty shelter wild soup spoon",NEUTRAL,0.0
Reddit,https://www.reddit.com/r/IPUniversity/comments/1me6pyl/who_are_coming_to_bpit_on_4th_of_august/,"Bro me bhi sochri hu finalise krlu na ECE hi. Ya VIPS me CSE better rhta 
..im stressing a lot right now ki pta nhi placements ka kya scene h ECE branch ka in BPIT",NEGATIVE,-0.4192
Reddit,https://www.reddit.com/r/IPUniversity/comments/1me6pyl/who_are_coming_to_bpit_on_4th_of_august/,"*This post was mass deleted and anonymized with [Redact](https://redact.dev/home)*

license salt square hard-to-find dog relieved wise growth squeeze subtract",NEUTRAL,0.0
Reddit,https://www.reddit.com/r/IPUniversity/comments/1me6pyl/who_are_coming_to_bpit_on_4th_of_august/,anyone from it ?,NEUTRAL,0.0
Reddit,https://www.reddit.com/r/IPUniversity/comments/1me6pyl/who_are_coming_to_bpit_on_4th_of_august/,"Sabhi IT se hi dikh rhe hain zydatr, IT ki seate zyada hai kya",NEGATIVE,-0.4494
Reddit,https://www.reddit.com/r/IPUniversity/comments/1me6pyl/who_are_coming_to_bpit_on_4th_of_august/,Seats to same hi hai cse and IT,NEUTRAL,0.0
Reddit,https://www.reddit.com/r/IPUniversity/comments/1me6pyl/who_are_coming_to_bpit_on_4th_of_august/,Cse here gonna meet u,NEUTRAL,0.0
Reddit,https://www.reddit.com/r/IPUniversity/comments/1me6pyl/who_are_coming_to_bpit_on_4th_of_august/,Anyone here from VIPS?,NEUTRAL,0.0
Reddit,https://www.reddit.com/r/IPUniversity/comments/1me6pyl/who_are_coming_to_bpit_on_4th_of_august/,"Yes, surely, I have confirmed it twice that when to come and about things to bring I don't know about that much.",NEUTRAL,0.0
Reddit,https://www.reddit.com/r/IPUniversity/comments/1me6pyl/who_are_coming_to_bpit_on_4th_of_august/,Bring your addmission slip with you only that thing is mandatory else you take whatever you want.,NEUTRAL,0.0
Reddit,https://www.reddit.com/r/IPUniversity/comments/1me6pyl/who_are_coming_to_bpit_on_4th_of_august/,"Sure I am from it ,let's meet on 4 august",POSITIVE,0.5138
Reddit,https://www.reddit.com/r/IPUniversity/comments/1me6pyl/who_are_coming_to_bpit_on_4th_of_august/,cse here see ya on 4th,POSITIVE,0.5039
Reddit,https://www.reddit.com/r/IPUniversity/comments/1me6pyl/who_are_coming_to_bpit_on_4th_of_august/,im in cse ds wby?,NEUTRAL,0.0
Reddit,https://www.reddit.com/r/IPUniversity/comments/1me6pyl/who_are_coming_to_bpit_on_4th_of_august/,"Sure bro, I am in ECE branch lets meet on 4th Aug...",NEUTRAL,0.0
Reddit,https://www.reddit.com/r/IPUniversity/comments/1me6pyl/who_are_coming_to_bpit_on_4th_of_august/,Bhai bs bag and ek copy layo chlega na kch karayenge tho hai nhi abhi yeh log,NEGATIVE,-0.3931
Reddit,https://www.reddit.com/r/IPUniversity/comments/1me6pyl/who_are_coming_to_bpit_on_4th_of_august/,Bro chil mar chaahe ek bag leya itna kuch nahi hoga uss din,NEGATIVE,-0.3441
Reddit,https://www.reddit.com/r/IPUniversity/comments/1me6pyl/who_are_coming_to_bpit_on_4th_of_august/,"Bhai pure semester hi kuch nhi hoga.....mei khud bas 1 copy mei 2 years nikal diye 😂😂😂 (  i m in 3rd year bpit, IT branch )",NEUTRAL,0.0
Reddit,https://www.reddit.com/r/IPUniversity/comments/1me6pyl/who_are_coming_to_bpit_on_4th_of_august/,"Senior mil gayaaaaa, time to milk some information from u",NEUTRAL,0.0
Reddit,https://www.reddit.com/r/IPUniversity/comments/1me6pyl/who_are_coming_to_bpit_on_4th_of_august/,"Bhyii MQ se admission walo ki counselling kab hogi? Kis din hogi? 
4august ko offline spot round hai kya bpit mei? If yes then does every ipu conducts offline spot in their campus only for admission in that clg?",NEUTRAL,0.0
Reddit,https://www.reddit.com/r/IPUniversity/comments/1me6pyl/who_are_coming_to_bpit_on_4th_of_august/,Abhi spot ka koi notice nahi aa rakha and management quota ke form sayad abhi live hoge and counselling me to abhi time lagega sayad and jitna mujhe pata hai spot online hota hai pehle,NEUTRAL,0.0
Reddit,https://www.reddit.com/r/IPUniversity/comments/1me6pyl/who_are_coming_to_bpit_on_4th_of_august/,"Ho rkha h live
Myjhe koi clg ni mila abhi tak 
Clg jaana h😭",NEGATIVE,-0.4824
Reddit,https://www.reddit.com/r/IPUniversity/comments/1me6pyl/who_are_coming_to_bpit_on_4th_of_august/,IS ANYONE ADDED IN THE GROUP OF BPIT IT OR ANY OFFICIAL MESSAGE HAS BEEN RECEIVED FROM THE COLLEGE,NEUTRAL,0.0
Reddit,https://www.reddit.com/r/IPUniversity/comments/1me6pyl/who_are_coming_to_bpit_on_4th_of_august/,"No , only on website it came that 4 August ko orientation hoga . Timing kya hai ?",NEUTRAL,0.0
Reddit,https://www.reddit.com/r/IPUniversity/comments/1me6pyl/who_are_coming_to_bpit_on_4th_of_august/,Koi Lateral entry ka hai kya idhar,NEUTRAL,0.0
Reddit,https://www.reddit.com/r/IPUniversity/comments/1pqhj4w/ye_msit_ke_toilets_are_terrible_im_from_bpit_aur/,"ye MSIT ke toilets are TERRIBLE. im from bpit aur yaha centre mila hai. yaha na toh health phoset hai na bidet, and the washroom looks as if no ones been there for a century. koi bacha jaata bhi hai kya?",NEGATIVE,-0.7892
Reddit,https://www.reddit.com/r/IPUniversity/comments/1pqhj4w/ye_msit_ke_toilets_are_terrible_im_from_bpit_aur/,"Mujhe bpit mila hai centre , tumhara college konsa bhaut Bdiya examination room ke lie jaate hue ese lgta hai kisi ke flat se hokr aa rhe 😫💔💔",NEGATIVE,-0.4421
Reddit,https://www.reddit.com/r/IPUniversity/comments/1pqhj4w/ye_msit_ke_toilets_are_terrible_im_from_bpit_aur/,Abey bhai tu vips se bpit aayega toh bt toh hogi hi 💔 atleast hagne ke baad gend toh dho skta Msit mein toh guru vo bhi nhi ho payega,NEGATIVE,-0.3912
Reddit,https://www.reddit.com/r/IPUniversity/comments/1pqhj4w/ye_msit_ke_toilets_are_terrible_im_from_bpit_aur/,"wohi   
itni subah uthke poty bhi nahi aati gharpe  
fir colleges ke washroom se acha hai pant mei hagdu  
exam se zyada tension poty kaha karunga uski hoti hai",NEGATIVE,-0.3992
Reddit,https://www.reddit.com/r/IPUniversity/comments/1pqhj4w/ye_msit_ke_toilets_are_terrible_im_from_bpit_aur/,This comment 😭 🙏,POSITIVE,0.5857
Reddit,https://www.reddit.com/r/IPUniversity/comments/1pqhj4w/ye_msit_ke_toilets_are_terrible_im_from_bpit_aur/,"im from msit and yeah some of the washrooms are ok at best, baaki ive never even tried cuz i have my reservations about the hygiene level of most public washrooms. your best bet at finding a decent washroom is probably the law block or some floors of msi waali building, btech waali building toh is just utter trash in every concievable way",NEGATIVE,-0.6542
Reddit,https://www.reddit.com/r/IPUniversity/comments/1pqhj4w/ye_msit_ke_toilets_are_terrible_im_from_bpit_aur/,Ngga kal tere bpit ke wc urinals pe eetein dekh ke aa rha hu sybau😭😭🙏,NEGATIVE,-0.3571
Reddit,https://www.reddit.com/r/IPUniversity/comments/1pqhj4w/ye_msit_ke_toilets_are_terrible_im_from_bpit_aur/,grass is purple ahh,POSITIVE,0.541
Reddit,https://www.reddit.com/r/IPUniversity/comments/1pqhj4w/ye_msit_ke_toilets_are_terrible_im_from_bpit_aur/,Then which ipu clg ?,NEUTRAL,0.0
Reddit,https://www.reddit.com/r/IPUniversity/comments/1pqhj4w/ye_msit_ke_toilets_are_terrible_im_from_bpit_aur/,"Bro istg I'm happy I left that shithole, ek to washrooms clean nahi, basic facilities nahi, upar se paani bhi nahi aata tha kabhi kabhi to  😭✌️",NEGATIVE,-0.3882
Reddit,https://www.reddit.com/r/IPUniversity/comments/1pqhj4w/ye_msit_ke_toilets_are_terrible_im_from_bpit_aur/,So like getting into other college or focussing on building something for now,NEUTRAL,0.0
Reddit,https://www.reddit.com/r/IPUniversity/comments/1pqhj4w/ye_msit_ke_toilets_are_terrible_im_from_bpit_aur/,"I wish I could say the second one 😭💔, but I'm giving jee again",NEUTRAL,0.0
Reddit,https://www.reddit.com/r/IPUniversity/comments/1pqhj4w/ye_msit_ke_toilets_are_terrible_im_from_bpit_aur/,"Hum khud nhi jaate bhai washroom

Aadhe time paani bhi nhi aata hai",NEGATIVE,-0.4133
Reddit,https://www.reddit.com/r/IPUniversity/comments/1pqhj4w/ye_msit_ke_toilets_are_terrible_im_from_bpit_aur/,Every floor has staff washrooms on the other side use them.,NEUTRAL,0.0
Reddit,https://www.reddit.com/r/IPUniversity/comments/1sblq0a/what_is_4_year_btech_fees_for_bpit/,What is 4 year btech fees for BPIT ? Title,NEUTRAL,0.0
Reddit,https://www.reddit.com/r/IPUniversity/comments/1sblq0a/what_is_4_year_btech_fees_for_bpit/,Google search kar sakta h bhai tu,NEUTRAL,0.0
Reddit,https://www.reddit.com/r/IPUniversity/comments/1sblq0a/what_is_4_year_btech_fees_for_bpit/,College website pe kahin 1.8 lakh dikha rha hai to kahin 1.5lakh isliye idhar pucha,NEUTRAL,0.0
Reddit,https://www.reddit.com/r/IPUniversity/comments/1sblq0a/what_is_4_year_btech_fees_for_bpit/,"1.8 manke chal, 1.5 is very less for this college.",NEGATIVE,-0.5633
Reddit,https://www.reddit.com/r/IPUniversity/comments/1sblq0a/what_is_4_year_btech_fees_for_bpit/,Approx 8 lakh samjh le ya ye piche saal ka hai iss saal ka 8.5 rakh le baki toh call kr ke puch le admin office mei.,NEUTRAL,0.0
Reddit,https://www.reddit.com/r/IPUniversity/comments/1jxmk1t/bvcoebpit_cse_or_it/,Bvcoe/BPIT (CSE or IT) Is it possible to get IT or Cse in BVCOE OR BPIT at around 3 lakh-3.5 lakh round in the spot rounds? 😭,NEUTRAL,0.0
Reddit,https://www.reddit.com/r/IPUniversity/comments/1jxmk1t/bvcoebpit_cse_or_it/,Bhul ja bhai capping lagi hoti hai spot round mai,NEGATIVE,-0.3585
Reddit,https://www.reddit.com/r/IPUniversity/comments/1jxmk1t/bvcoebpit_cse_or_it/,Adgips/gtbit me toh mil jayegi na ? Spot tak 😭,NEGATIVE,-0.4882
Reddit,https://www.reddit.com/r/IPUniversity/comments/1jxmk1t/bvcoebpit_cse_or_it/,Percentile kitni hai,NEUTRAL,0.0
Reddit,https://www.reddit.com/r/IPUniversity/comments/1jxmk1t/bvcoebpit_cse_or_it/,Bhai meri 2024 me thi 76.5 pe 3.5L .. 2025 me around 3.7-3.8 Lakh jaegi ..,NEUTRAL,0.0
Reddit,https://www.reddit.com/r/IPUniversity/comments/1jxmk1t/bvcoebpit_cse_or_it/,So are u in IPU rn? What did u get then?,NEUTRAL,0.0
Reddit,https://www.reddit.com/r/IPUniversity/comments/1jxmk1t/bvcoebpit_cse_or_it/,That's fine me too 🥲 so you'll be taking IPU this year?,POSITIVE,0.4982
Reddit,https://www.reddit.com/r/IPUniversity/comments/1jxmk1t/bvcoebpit_cse_or_it/,I dont know... Might take ipu but ill also try in state counsellings and might also try for bitsat if prep goes well (last hope),NEUTRAL,0.0
Reddit,https://www.reddit.com/r/IPUniversity/comments/1jxmk1t/bvcoebpit_cse_or_it/,Bahut kam chance kyuki seats utni hi hai aur no. Of applicants badh gye hai,NEGATIVE,-0.5133
Reddit,https://www.reddit.com/r/IPUniversity/comments/1jxmk1t/bvcoebpit_cse_or_it/,What do u think I could get if I go till spot round ?,NEUTRAL,0.0
Reddit,https://www.reddit.com/r/IPUniversity/comments/1jxmk1t/bvcoebpit_cse_or_it/,"CSE/IT are the most preferred branches,they get filled easily.   so it's not worth taking a big risk in the spot round, especially since you'd have to give up the seat you got in the regular rounds. It's better to make a well thought out preference list and wait for the first cutoff results. That will give you a clear idea of what's realistically possible.",NEUTRAL,0.0
Reddit,https://www.reddit.com/r/IPUniversity/comments/1jxmk1t/bvcoebpit_cse_or_it/,i will lose the seat i got in regular rounds? really? i saw anyone is eligible for spot rounds but if u float the earlier seat is retained,NEGATIVE,-0.8193
Reddit,https://www.reddit.com/r/IPUniversity/comments/1jxmk1t/bvcoebpit_cse_or_it/,"Yes . Floating and retaining seats are for regular rounds only.  For spot round, you have to give up your  regular seat allocated and then go to the spot round. 3 rounds are there I believe . If you are allocated anything in that 3 rounds and still want to go for spot round, you have to give up your seat.",NEGATIVE,-0.5407
Reddit,https://www.reddit.com/r/IPUniversity/comments/1jxmk1t/bvcoebpit_cse_or_it/,"that means im risking my seat otherwise, i just have to take whatever i get in sliding round?",NEGATIVE,-0.6852
Reddit,https://www.reddit.com/r/IPUniversity/comments/1jxmk1t/bvcoebpit_cse_or_it/,"Yes. Chill for now. Keep exploring different options.  Jab result aayega 1st round ka it will get clear . Btw if you don't mind, how much percentile do you have?",NEUTRAL,0.0
Reddit,https://www.reddit.com/r/IPUniversity/comments/1jxmk1t/bvcoebpit_cse_or_it/,"yeah , thanks i will. I have 76.5 percentile ik its bad but thats all i have :/",NEGATIVE,-0.7815
Reddit,https://www.reddit.com/r/IPUniversity/comments/1jxmk1t/bvcoebpit_cse_or_it/,Are chill. It's just the starting. College mai mhenat karna. Aajkal placement ka scene bilkul acha nahi hai even in tier 1 and 2 colleges. It all comes down to your skills.,NEGATIVE,-0.4331
Reddit,https://www.reddit.com/r/IPUniversity/comments/1jxmk1t/bvcoebpit_cse_or_it/,"right, thanks alot. also could u suggest which college i could get at my percentile/rank?",NEUTRAL,0.0
Reddit,https://www.reddit.com/r/IPUniversity/comments/1jxmk1t/bvcoebpit_cse_or_it/,Very low chances,NEGATIVE,-0.8256
Reddit,https://www.reddit.com/r/IPUniversity/comments/1jxmk1t/bvcoebpit_cse_or_it/,Zyada acha nhi milega aur shayad na bhi mile koi,NEGATIVE,-0.4202
Reddit,https://www.reddit.com/r/IPUniversity/comments/1jxmk1t/bvcoebpit_cse_or_it/,Home state hai sir aisa na bolo 🫡😭 mil toh jayega hi,NEGATIVE,-0.3512
Reddit,https://www.reddit.com/r/IPUniversity/comments/1jxmk1t/bvcoebpit_cse_or_it/,Are baat ye hai rank bhi to zyada keh rhe ho,NEGATIVE,-0.3638
Reddit,https://www.reddit.com/r/IPUniversity/comments/1jxmk1t/bvcoebpit_cse_or_it/,Ye main nhi keh rha hu usict ke final year students se baat karke bta rha hu usict mait msit vips ye top colleges to nhi baaki dekhlo mil to jayega hi,NEGATIVE,-0.3696
Reddit,https://www.reddit.com/r/IPUniversity/comments/1jxmk1t/bvcoebpit_cse_or_it/,Kitne aaye hai ?,NEUTRAL,0.0
Reddit,https://www.reddit.com/r/IPUniversity/comments/1jxmk1t/bvcoebpit_cse_or_it/,76 percentile hai,NEUTRAL,0.0
Reddit,https://www.reddit.com/r/IPUniversity/comments/1jxmk1t/bvcoebpit_cse_or_it/,Mil jayega be prepared acha nhi milega aur,POSITIVE,0.3603
Reddit,https://www.reddit.com/r/IPUniversity/comments/1jxmk1t/bvcoebpit_cse_or_it/,Agitm/gtbit/vips me IT ya Ai toh mil hi jayega na ?,NEUTRAL,0.0
Reddit,https://www.reddit.com/r/IPUniversity/comments/1jxmk1t/bvcoebpit_cse_or_it/,"# what to fill in ipu cet document number of class 10/school leaving certificate i filled my class 10 roll no is it okay

please help any body",NEUTRAL,0.0
Reddit,https://www.reddit.com/r/IPUniversity/comments/1jxmk1t/bvcoebpit_cse_or_it/,"Aaj he ak councellor se baat kri thi vo toh mana kr rha tha mujhe as i am not from home state delhi 
And even ye bol rha tha ki donation se bhi krvana mushkil hai iss baar kisi ip ke college mai",NEGATIVE,-0.4951
Reddit,https://www.reddit.com/r/IPUniversity/comments/1jxmk1t/bvcoebpit_cse_or_it/,"You are not from home state then yeah it might be difficult but even 5 lakh rank people get in ip so.. hard luck for outside delhi people 


Can u send me details of the counselor as well , I would like to connect?",NEUTRAL,0.0
Reddit,https://www.reddit.com/r/IPUniversity/comments/1jxmk1t/bvcoebpit_cse_or_it/,Can u share the details of counsellor ?,NEUTRAL,0.0
Reddit,https://www.reddit.com/r/IPUniversity/comments/1k4fmr9/guys_make_this_clear_n_crystal_for_your/,Guys make this clear n crystal for your councelling preference.(Tech Branch only) Usict&gt;mait&gt;msit&gt;usar&gt;bpit&gt;bvcoe&gt;Vips&gt;gtbit&gt;adgips.,NEUTRAL,0.0
Reddit,https://www.reddit.com/r/IPUniversity/comments/1k4fmr9/guys_make_this_clear_n_crystal_for_your/,"19-20 ka hi farak h dono me
But still bpit&gt;bvcoe",NEGATIVE,-0.4367
Reddit,https://www.reddit.com/r/IPUniversity/comments/1k4fmr9/guys_make_this_clear_n_crystal_for_your/,"Crl -1,39,821 rank obc delhi 
USICT mil jayega ?",NEUTRAL,0.0
Reddit,https://www.reddit.com/r/IPUniversity/comments/1k4fmr9/guys_make_this_clear_n_crystal_for_your/,dtu ya nsut me electrical hi mil jayega why go to usict,NEGATIVE,-0.4091
Reddit,https://www.reddit.com/r/IPUniversity/comments/1k4fmr9/guys_make_this_clear_n_crystal_for_your/,"Hm ese hi option dekh raha tha 

Koi bol raha tha USICT me category nahi lagti",NEUTRAL,0.0
Reddit,https://www.reddit.com/r/IPUniversity/comments/1k4fmr9/guys_make_this_clear_n_crystal_for_your/,Only usict mei hi lagti hai  baaki ipu colleges mei nhi,NEGATIVE,-0.3937
Reddit,https://www.reddit.com/r/IPUniversity/comments/1k4fmr9/guys_make_this_clear_n_crystal_for_your/,Check the obc category 1993 wala Delhi ka obc h tbhi hoga aher dusre states k base p bana h toh nhi hoga,NEUTRAL,0.0
Reddit,https://www.reddit.com/r/IPUniversity/comments/1k4fmr9/guys_make_this_clear_n_crystal_for_your/,Kon sa h tumara mera 1993 wala nhi h delhi ka,NEUTRAL,0.0
Reddit,https://www.reddit.com/r/IPUniversity/comments/1k4fmr9/guys_make_this_clear_n_crystal_for_your/,"Mera bhi nahi hai 1993 ka mane mail kara tha bola unhone obc dal do 

Agar galt hoga to general me convert ho jayega",NEGATIVE,-0.3795
Reddit,https://www.reddit.com/r/IPUniversity/comments/1k4fmr9/guys_make_this_clear_n_crystal_for_your/,BPIT IT mil rha cse nh....worth it?,NEGATIVE,-0.4175
Reddit,https://www.reddit.com/r/IPUniversity/comments/1k4fmr9/guys_make_this_clear_n_crystal_for_your/,Agr bvcoe me cse mil rha h to bvcoe lelo,NEGATIVE,-0.3673
Reddit,https://www.reddit.com/r/IPUniversity/comments/1k4fmr9/guys_make_this_clear_n_crystal_for_your/,"173k rank so low chance
HS Gen",NEGATIVE,-0.8065
Reddit,https://www.reddit.com/r/IPUniversity/comments/1k4fmr9/guys_make_this_clear_n_crystal_for_your/,No issue IT bhi sahi h,NEUTRAL,0.0
Reddit,https://www.reddit.com/r/IPUniversity/comments/1k4fmr9/guys_make_this_clear_n_crystal_for_your/,ac milega bvcoe mai so +++++,POSITIVE,0.6258
Reddit,https://www.reddit.com/r/IPUniversity/comments/1k4fmr9/guys_make_this_clear_n_crystal_for_your/,Why vips above gtbit how is the placement of vips this year?,NEUTRAL,0.0
Reddit,https://www.reddit.com/r/IPUniversity/comments/1k4fmr9/guys_make_this_clear_n_crystal_for_your/,Glt hai yrr vips toh obviously gtbit ke peecha aayega aur adgips ke bhi,NEUTRAL,0.0
Reddit,https://www.reddit.com/r/IPUniversity/comments/1k4fmr9/guys_make_this_clear_n_crystal_for_your/,+1 jis college ka na placement ka pata hai na stats ka it can't be upfront bhai that is just ridiculous,NEGATIVE,-0.7369
Reddit,https://www.reddit.com/r/IPUniversity/comments/1k4fmr9/guys_make_this_clear_n_crystal_for_your/,Wahi aur op khud ko 3rd year ka btake bol rha hai ik better,NEGATIVE,-0.375
Reddit,https://www.reddit.com/r/IPUniversity/comments/1k4fmr9/guys_make_this_clear_n_crystal_for_your/,It's acc to my knowledge if u want u can go for gtbit,NEUTRAL,0.0
Reddit,https://www.reddit.com/r/IPUniversity/comments/1k4fmr9/guys_make_this_clear_n_crystal_for_your/,why gtbit so behind? ig they are good enough to be after bpit ar usar is just the second last...,NEGATIVE,-0.8486
Reddit,https://www.reddit.com/r/IPUniversity/comments/1k4fmr9/guys_make_this_clear_n_crystal_for_your/,It's acc to my knowledge as a 3rd yr student else it's your call .,NEUTRAL,0.0
Reddit,https://www.reddit.com/r/IPUniversity/comments/1k4fmr9/guys_make_this_clear_n_crystal_for_your/,bhaiya is saal usict ke placement ka data milskta hai,NEUTRAL,0.0
Reddit,https://www.reddit.com/r/IPUniversity/comments/1k4fmr9/guys_make_this_clear_n_crystal_for_your/,Haan bro mere pe hai data,NEUTRAL,0.0
Reddit,https://www.reddit.com/r/IPUniversity/comments/1k4fmr9/guys_make_this_clear_n_crystal_for_your/,bhej skte ho bhiaya aap wo?,NEGATIVE,-0.3633
Reddit,https://www.reddit.com/r/IPUniversity/comments/1k4fmr9/guys_make_this_clear_n_crystal_for_your/,Ye log sem end tk release krte h data but as far i know median package 12 lpa h.,NEUTRAL,0.0
Reddit,https://www.reddit.com/r/IPUniversity/comments/1k4fmr9/guys_make_this_clear_n_crystal_for_your/,damn ye to kaafi shi hai,POSITIVE,0.4002
Reddit,https://www.reddit.com/r/IPUniversity/comments/1k4fmr9/guys_make_this_clear_n_crystal_for_your/,Median ya average? Kyuki I am pretty sure median isse kam hoga.,NEUTRAL,0.0
Reddit,https://www.reddit.com/r/IPUniversity/comments/1k4fmr9/guys_make_this_clear_n_crystal_for_your/,Median for those who r eligible for placement.,NEUTRAL,0.0
Reddit,https://www.reddit.com/r/IPUniversity/comments/1k4fmr9/guys_make_this_clear_n_crystal_for_your/,"abey pagal hai kya, itna zyada thodi hai",NEGATIVE,-0.367
Reddit,https://www.reddit.com/r/IPUniversity/comments/1k4fmr9/guys_make_this_clear_n_crystal_for_your/,Me 3rd yr student hu isi college smjhe,NEUTRAL,0.0
Reddit,https://www.reddit.com/r/IPUniversity/comments/1k4fmr9/guys_make_this_clear_n_crystal_for_your/,Iss bar cse ki placement sahi hue h,NEUTRAL,0.0
Reddit,https://www.reddit.com/r/IPUniversity/comments/1k4fmr9/guys_make_this_clear_n_crystal_for_your/,reservation hai waha pr sikh minority quota(70%),NEUTRAL,0.0
Reddit,https://www.reddit.com/r/IPUniversity/comments/1k4fmr9/guys_make_this_clear_n_crystal_for_your/,"bhai maine jitney review dekhe h USAR k hr kisiko faculty ko leke dikkatein h, can anyone make it clear usar m AR aur IIoT milne ka chance h is it worth taking or not?",NEUTRAL,0.0
Reddit,https://www.reddit.com/r/IPUniversity/comments/1k4fmr9/guys_make_this_clear_n_crystal_for_your/,I said for tech Branch only,NEUTRAL,0.0
Reddit,https://www.reddit.com/r/IPUniversity/comments/1k4fmr9/guys_make_this_clear_n_crystal_for_your/,Should I consider USAR Automation &amp; Robotics over BPIT CSE(DS)?,NEUTRAL,0.0
Reddit,https://www.reddit.com/r/IPUniversity/comments/1k4fmr9/guys_make_this_clear_n_crystal_for_your/,No bro i hv written there for tech Branch only.,NEUTRAL,0.0
Reddit,https://www.reddit.com/r/IPUniversity/comments/1k4fmr9/guys_make_this_clear_n_crystal_for_your/,ADGIPS and GTBIT me kiski pahle rakhu,NEUTRAL,0.0
Reddit,https://www.reddit.com/r/IPUniversity/comments/1k4fmr9/guys_make_this_clear_n_crystal_for_your/,Vips ahead of gtbit and adgtim?,NEUTRAL,0.0
Reddit,https://www.reddit.com/r/IPUniversity/comments/1k4fmr9/guys_make_this_clear_n_crystal_for_your/,"Uspar zyada better hai Usict se, bad USAR mein core CSE nhi hai",NEUTRAL,0.0
Reddit,https://www.reddit.com/r/IPUniversity/comments/1k4fmr9/guys_make_this_clear_n_crystal_for_your/,Inme se kisi mai bhi cse ya uske related Branches mai admission mil skta hai agr 1.02 lakh crl h outside delhi gen category??,NEUTRAL,0.0
Reddit,https://www.reddit.com/r/IPUniversity/comments/1k4fmr9/guys_make_this_clear_n_crystal_for_your/,Usict it or mait cse which should I prefer?,NEUTRAL,0.0
Reddit,https://www.reddit.com/r/IPUniversity/comments/1k4fmr9/guys_make_this_clear_n_crystal_for_your/,Reasons bhaiya? ( with due respect ),NEUTRAL,0.0
Reddit,https://www.reddit.com/r/IPUniversity/comments/1k4fmr9/guys_make_this_clear_n_crystal_for_your/,Low fees and govt funded college not affiliation,NEGATIVE,-0.6532
Reddit,https://www.reddit.com/r/IPUniversity/comments/1k4fmr9/guys_make_this_clear_n_crystal_for_your/,govt tag itna matter krta h kya...jo uske liye cse chhod k it li jaaye...also fees ka itna nhi h placement aur career ke hisaab se btaiye kya rhega..mait cse ya usict it,NEGATIVE,-0.3799
Reddit,https://www.reddit.com/r/IPUniversity/comments/1smw9xi/bvcoe_it_vs_bpit_it/,Bvcoe - IT VS Bpit -IT,NEUTRAL,0.0
Reddit,https://www.reddit.com/r/IPUniversity/comments/1smw9xi/bvcoe_it_vs_bpit_it/,Cfbr .. also kitni rank tk bpit IT miljaegi??,NEUTRAL,0.0
Reddit,https://www.reddit.com/r/IPUniversity/comments/1smw9xi/bvcoe_it_vs_bpit_it/,Bvcoe According to many seniors,NEUTRAL,0.0
Reddit,https://www.reddit.com/r/IPUniversity/comments/1m4e3ob/vipsadgipsgtbit_cse_vs_bvcoebpit_ece/,VIPS/ADGIPS/GTBIT CSE vs BVCOE/BPIT ECE ???? Pls btado koi,NEUTRAL,0.0
Reddit,https://www.reddit.com/r/IPUniversity/comments/1m4e3ob/vipsadgipsgtbit_cse_vs_bvcoebpit_ece/,"Vips CSE (cybersecurity) vs vips aids or aiml vs adgitm CSE vs gtbit IT...
What should I choose",NEUTRAL,0.0
Reddit,https://www.reddit.com/r/IPUniversity/comments/1m4e3ob/vipsadgipsgtbit_cse_vs_bvcoebpit_ece/,"But ab tho it outdated hota ja raha hai aur gtbit ka peer group bhi aacha nahi hai suna hai maine , aur facility bhi aachi nahi hai ?",NEGATIVE,-0.4807
Reddit,https://www.reddit.com/r/IPUniversity/comments/1m4e3ob/vipsadgipsgtbit_cse_vs_bvcoebpit_ece/,Bhai inn teeno main se gtbit hi h jo bdia hain,NEGATIVE,-0.3595
Reddit,https://www.reddit.com/r/IPUniversity/comments/1m4e3ob/vipsadgipsgtbit_cse_vs_bvcoebpit_ece/,Bro take gtbit it,NEUTRAL,0.0
Reddit,https://www.reddit.com/r/IPUniversity/comments/1m4e3ob/vipsadgipsgtbit_cse_vs_bvcoebpit_ece/,Cse until or unless u are getting ece in mait or msit .no ece below that,NEUTRAL,0.0
Reddit,https://www.reddit.com/r/IPUniversity/comments/1m4e3ob/vipsadgipsgtbit_cse_vs_bvcoebpit_ece/,Are yrr 💔😭. Phir inn sbki placement bhi to aisi hai even cse tk ki itni km hai. Ece krke tech ki tyari nhi kr skte kya?,NEGATIVE,-0.5331
Reddit,https://www.reddit.com/r/IPUniversity/comments/1m4e3ob/vipsadgipsgtbit_cse_vs_bvcoebpit_ece/,"Agar tech mai hi jaana to cse kyu nahi leta, ece waise hi hard and competing with cse grads jinka focus hi tech hai in tech placements isn't easy",NEGATIVE,-0.5116
Reddit,https://www.reddit.com/r/IPUniversity/comments/1m4e3ob/vipsadgipsgtbit_cse_vs_bvcoebpit_ece/,Companies bhi to better aaengi bvcoe aur bpit mai unn sab se yrr ??,NEGATIVE,-0.3522
Reddit,https://www.reddit.com/r/IPUniversity/comments/1m4e3ob/vipsadgipsgtbit_cse_vs_bvcoebpit_ece/,"Pahla ki pore ipu ki g mari padi hai, do you really think agar itne hi achi companies aati to kya ye kabhi tier 3 hote

Get into ece if you want to, not to just go for better college and placement mai sochke ki I will sit with tech grads, it's like saying I will take pcmb because I will give jee, or neet

In the end chose either and work your ass of in any field ( that's someone else told me ) 

If you will be joining ece in bvcoe than do let me know in future",NEUTRAL,0.0
Reddit,https://www.reddit.com/r/IPUniversity/comments/1m4e3ob/vipsadgipsgtbit_cse_vs_bvcoebpit_ece/,"Abhi tk ece hi soch rha tha abb second thoughts aa rhe hai. Aur phir mai dekh rha vips mai 12 lpa highest ja rha hai vo bhi off campus.

Companies overall to achi ni aati lekin bvcoe bpit mai adgips vips inse to better hi aati hai ig. 

Ptani kya kru yrr 💔. Bvcoe ki It mil jaye to khush ho jau  mai.

Ece me mai yeh Krna chahta hu ki ece bass padh lu exam ke time 2-3 hafte pehle aur cgpa maintain ho jae baaki time tech ki tayari kru aur 1st 2nd year comparatively kam pressure hoga to uss time develop Krlu tech mai. Lekin abb smjh ni aara 💔",NEGATIVE,-0.353
Reddit,https://www.reddit.com/r/IPUniversity/comments/1m4e3ob/vipsadgipsgtbit_cse_vs_bvcoebpit_ece/,"2nd thoughts aayenge ofc, carrer ki baat ha,mujhe bhi aate the but eventually maine soch liya to maine lock kardiya ki I won't change chahe kitne thoughts aaye

Thoda peacefully soch, kisi senior se baat kar ho sake to and decide karne ke baad lock kwr",NEUTRAL,0.0
Reddit,https://www.reddit.com/r/IPUniversity/comments/1m4e3ob/vipsadgipsgtbit_cse_vs_bvcoebpit_ece/,Kya choose Kia bhai ?,NEUTRAL,0.0
Reddit,https://www.reddit.com/r/IPUniversity/comments/1m4e3ob/vipsadgipsgtbit_cse_vs_bvcoebpit_ece/,Acha bhai 😭😹. So you must be going towards core ?,NEGATIVE,-0.4821
Reddit,https://www.reddit.com/r/IPUniversity/comments/1m4e3ob/vipsadgipsgtbit_cse_vs_bvcoebpit_ece/,"Bhai dekh . Bekar placement unki hoti jo last time pdhte . No exceptional skills . Bc aadhi jnta web dev krri mtech , bca btech sb yhi krre.  Tu pehle se start krega dev krega plus aiml krega to tu top5 percent logo mai to hoga atleast . Is bracket mai sbki placement acchi lgti off campus hi ya on campus . High package vale adgips aur gtbit mai bhi aate bs bache jad crack nhi kr paate. Bs skill bna lg jayegi placement acchi . Ece lega to mediocre coder bnega agr side se krega coding to.  Fir vohi mass recruiter khreed lenge tujhe",NEGATIVE,-0.3751
Reddit,https://www.reddit.com/r/IPUniversity/comments/1m4e3ob/vipsadgipsgtbit_cse_vs_bvcoebpit_ece/,"WOW, thanks you opened my eyes",POSITIVE,0.914
Reddit,https://www.reddit.com/r/IPUniversity/comments/1m4e3ob/vipsadgipsgtbit_cse_vs_bvcoebpit_ece/,Thaaale piccha chhod de mera,NEGATIVE,-0.3941
Reddit,https://www.reddit.com/r/IPUniversity/comments/1m4e3ob/vipsadgipsgtbit_cse_vs_bvcoebpit_ece/,😂Abe tu khud mil jata mujhe fhir main reply karne se khudko rok nhi pata,NEGATIVE,-0.381
Reddit,https://www.reddit.com/r/IPUniversity/comments/1m4e3ob/vipsadgipsgtbit_cse_vs_bvcoebpit_ece/,High package vale adgips mai bhi hai bhai mann lia lekin iss hisab se toh ece leke tech mai high package crack krne vale bhi hai hi. Ece agr leta hu maanlo 2 mahine exam exam aur 2 mahine unki tayari to baaki time mai tayari krr skta hu ig?? Koi dikkt to nhi hai na Aisa krne mai,NEGATIVE,-0.3761
Reddit,https://www.reddit.com/r/IPUniversity/comments/1m4e3ob/vipsadgipsgtbit_cse_vs_bvcoebpit_ece/,Teri mrzi bhai 🙏🙏 . Mai to pura time cse pr deta agr usme jana to . Aur ece kk hr company mai bethna allow nhi hota cse ki,NEGATIVE,-0.412
Reddit,https://www.reddit.com/r/IPUniversity/comments/1m4e3ob/vipsadgipsgtbit_cse_vs_bvcoebpit_ece/,"If u want exposure, competition, etc go for bvcoe/bpit. Alongside prepare for coding and placements accordingly. Do study ece for exams in order to get a good cgpa, but work extra hard for coding and other stuff if you really wanna crack some IT placement. If you won't be able to study ece and want easier study path you can for gtbit, adgips, vips etc. vips for btech is not upto the mark till yet considering the placements and crowd. In gtbit adgips, im not sure of the exposure and competition, it's mostly dead afaik. However everything depends on your efforts",NEGATIVE,-0.3808
Reddit,https://www.reddit.com/r/IPUniversity/comments/1m4e3ob/vipsadgipsgtbit_cse_vs_bvcoebpit_ece/,How much study do you think would be ideal before exams to maintain cgpa above 8 in ece,NEUTRAL,0.0
Reddit,https://www.reddit.com/r/IPUniversity/comments/1m4e3ob/vipsadgipsgtbit_cse_vs_bvcoebpit_ece/,"I'm not sure, mere liye bhi pehli baar hai",NEUTRAL,0.0
Reddit,https://www.reddit.com/r/IPUniversity/comments/1m4e3ob/vipsadgipsgtbit_cse_vs_bvcoebpit_ece/,Which college and course?,NEUTRAL,0.0
Reddit,https://www.reddit.com/r/IPUniversity/comments/1m4e3ob/vipsadgipsgtbit_cse_vs_bvcoebpit_ece/,Abhi to r2 tk bpit ece mila hai at 216k rank hoping for bvcoe ece on the next.,NEUTRAL,0.0
Reddit,https://www.reddit.com/r/IPUniversity/comments/1m4e3ob/vipsadgipsgtbit_cse_vs_bvcoebpit_ece/,Same but 215k 😂 1000 rank se reh gya bss,NEGATIVE,-0.4003
Reddit,https://www.reddit.com/r/IPUniversity/comments/1m4e3ob/vipsadgipsgtbit_cse_vs_bvcoebpit_ece/,"Bvcoe valo ka grp banaya hai kisine to 

Follow this link to join my WhatsApp group: https://chat.whatsapp.com/BrJ1wmjzQUkG536iMUMm0x?mode=r_t",NEUTRAL,0.0
Reddit,https://www.reddit.com/r/IPUniversity/comments/1m4e3ob/vipsadgipsgtbit_cse_vs_bvcoebpit_ece/,Says failed to get group info,NEGATIVE,-0.771
Reddit,https://www.reddit.com/r/IPUniversity/comments/1m4e3ob/vipsadgipsgtbit_cse_vs_bvcoebpit_ece/,Paste it somewhere else phir click kro,NEUTRAL,0.0
Reddit,https://www.reddit.com/r/IPUniversity/comments/1m4e3ob/vipsadgipsgtbit_cse_vs_bvcoebpit_ece/,Go for Gtbit cse or bvcoe ece. Bpit ece not worth it. Adgips bad location. Vips 0 placements and no data of the same even after so much time.,NEGATIVE,-0.9167
Reddit,https://www.reddit.com/r/IPUniversity/comments/1m4e3ob/vipsadgipsgtbit_cse_vs_bvcoebpit_ece/,Bro mere paas sirf VIPS CSE or BPIT ECE me se choose krne ka option tha. Mene BPIT ECE choose krlia im thinking of upgrading next year sahi rahega im really getting stressed...,NEGATIVE,-0.4962
Reddit,https://www.reddit.com/r/IPUniversity/comments/1m4e3ob/vipsadgipsgtbit_cse_vs_bvcoebpit_ece/,Ipu ece ki koi worth bhi hai? I was getting bvcoe ece which is better than bpit but didn't see a point in going for ece at ipu.,NEGATIVE,-0.4408
Reddit,https://www.reddit.com/r/IPUniversity/comments/1m4e3ob/vipsadgipsgtbit_cse_vs_bvcoebpit_ece/,Bvcoe ece is good option bro,POSITIVE,0.5359
Reddit,https://www.reddit.com/r/IPUniversity/comments/1ssoa83/usct_energy_or_usct_chemical_eng_or_bpitece_or/,"usct (energy )  or usct (chemical eng) or bpit(ece) or bpit (eee) or bvcoe (eee) female btw , 270k rank aayi ha ! general -delhi , aur koi options ha toh pls tell!!

WHICH ONE would be better?

honestly dont care about placement , looking which has more scope in  research ?

also campus , and crowd ,and hows overall scene there??",NEUTRAL,0.0
Reddit,https://www.reddit.com/r/IPUniversity/comments/1srylhf/bpit_bvcoe/,"Bpit , bvcoe Guys I might get bvcoe or bpit, ye kaise cllg h mtlb placement kaisa h and coding culture and importantly college life kaisi h, inme adm lun ya drop, pls bta do",NEUTRAL,0.0
Reddit,https://www.reddit.com/r/IPUniversity/comments/1srylhf/bpit_bvcoe/,College life chaiye toh bvcoe and agar placement thora jada chaiye toh BPIT.,NEUTRAL,0.0
Reddit,https://www.reddit.com/r/IPUniversity/comments/1kujyiq/gtbit_cse_or_bpit_ece_or_bvcoe_ece_or_mait_eee/,"Gtbit cse or BPIT ece or BVCOE ece or MAIT eee. Vv confused. Which one would be better?
(Ghar ke sbse paas is bpit then mait.)",NEGATIVE,-0.5111
Reddit,https://www.reddit.com/r/IPUniversity/comments/1kujyiq/gtbit_cse_or_bpit_ece_or_bvcoe_ece_or_mait_eee/,Mait eee lele placement sabki khatam hai,NEGATIVE,-0.3525
Reddit,https://www.reddit.com/r/IPUniversity/comments/1kujyiq/gtbit_cse_or_bpit_ece_or_bvcoe_ece_or_mait_eee/,Mait eee or bvc ece,NEUTRAL,0.0
Reddit,https://www.reddit.com/r/IPUniversity/comments/1kujyiq/gtbit_cse_or_bpit_ece_or_bvcoe_ece_or_mait_eee/,Gtbit cse as the placement of ece in ip colleges are not that good,NEGATIVE,-0.8598
Reddit,https://www.reddit.com/r/IPUniversity/comments/1kujyiq/gtbit_cse_or_bpit_ece_or_bvcoe_ece_or_mait_eee/,Achha but like bpit me as far as I know upgradation ka option bhi rehta hai plus I have heard good things about the semiconductor industry,POSITIVE,0.4961
Reddit,https://www.reddit.com/r/IPUniversity/comments/1kujyiq/gtbit_cse_or_bpit_ece_or_bvcoe_ece_or_mait_eee/,Nhi hoga upgradation bhai mait eee lo campus life badhiya hai maje kro and grind karlena,POSITIVE,0.3715
Reddit,https://www.reddit.com/r/IPUniversity/comments/1kujyiq/gtbit_cse_or_bpit_ece_or_bvcoe_ece_or_mait_eee/,"Haa but like as far as ik ece placements are better than eee ones right? Like online mait ki website pe check kra eee placements were not good however bpit ece and bvcoe ece placements were still better isliye confusion hai, campus life dekhu ya baad ka",NEGATIVE,-0.4494
Reddit,https://www.reddit.com/r/IPUniversity/comments/1kujyiq/gtbit_cse_or_bpit_ece_or_bvcoe_ece_or_mait_eee/,Bhai listen up I'm a dropper and I've experience with this thing. Ece placements are cooked in bpit and bvcoe. Mait itself is a tag and then it has good crowd and campus life. Choose mait eee.,NEUTRAL,0.0
Reddit,https://www.reddit.com/r/IPUniversity/comments/1kujyiq/gtbit_cse_or_bpit_ece_or_bvcoe_ece_or_mait_eee/,Brother eee in tier 3 college is not a good thing,NEGATIVE,-0.9369
Reddit,https://www.reddit.com/r/IPUniversity/comments/1kujyiq/gtbit_cse_or_bpit_ece_or_bvcoe_ece_or_mait_eee/,Ece at tier 3-4 isn't good either. Mait is a reasonable and good investment trust.,NEGATIVE,-0.6534
Reddit,https://www.reddit.com/r/IPUniversity/comments/1kujyiq/gtbit_cse_or_bpit_ece_or_bvcoe_ece_or_mait_eee/,"Vhi i thought, placements of eee in mait as mentioned on website are worse than bpit ece or BVCOE ece or gtbit cse. However mait as a college provides a good campus life",NEGATIVE,-0.6714
Reddit,https://www.reddit.com/r/IPUniversity/comments/1kujyiq/gtbit_cse_or_bpit_ece_or_bvcoe_ece_or_mait_eee/,Clg life chahiye ki placement 💀,NEGATIVE,-0.3894
Reddit,https://www.reddit.com/r/IPUniversity/comments/1kujyiq/gtbit_cse_or_bpit_ece_or_bvcoe_ece_or_mait_eee/,Thoda thoda dono mil jaye but actually no that ain't really possible. But it's fine honestly I'd prefer college life (exposure and  crowd ke terms me not necessarily fests and all),NEGATIVE,-0.3428
Reddit,https://www.reddit.com/r/IPUniversity/comments/1kujyiq/gtbit_cse_or_bpit_ece_or_bvcoe_ece_or_mait_eee/,Saare ipu mein jhand hai dono hi...prefer branch,NEGATIVE,-0.3705
Reddit,https://www.reddit.com/r/IPUniversity/comments/1kujyiq/gtbit_cse_or_bpit_ece_or_bvcoe_ece_or_mait_eee/,"Placement, so what to choose?",NEUTRAL,0.0
Reddit,https://www.reddit.com/r/IPUniversity/comments/1kujyiq/gtbit_cse_or_bpit_ece_or_bvcoe_ece_or_mait_eee/,Even I'm a dropper myself plus you're right about the campus life at mait. would consider lets see,NEUTRAL,0.0
Reddit,https://www.reddit.com/r/IPUniversity/comments/1kujyiq/gtbit_cse_or_bpit_ece_or_bvcoe_ece_or_mait_eee/,My friends are in ece pretty good college life,POSITIVE,0.8461
Reddit,https://www.reddit.com/r/IPUniversity/comments/1kujyiq/gtbit_cse_or_bpit_ece_or_bvcoe_ece_or_mait_eee/,How did you convince your parents for drop ?,NEGATIVE,-0.5104
Reddit,https://www.reddit.com/r/IPUniversity/comments/1kujyiq/gtbit_cse_or_bpit_ece_or_bvcoe_ece_or_mait_eee/,"I mean initially they didn't but later vo maan gye, they were like whatever you feel is correct just go with it, plus I wasn't getting dtu me kuchh cse ece eee anything , mushkil se chemical ya biotech milta to isliye koi option nhi tha. that's why.. Though I wish they didn't agree and I didn't take a drop because drop leke meri percentile kam hogyi ulta. Maan leni chahiye thi baat.",NEGATIVE,-0.3965
Reddit,https://www.reddit.com/r/IPUniversity/comments/1kujyiq/gtbit_cse_or_bpit_ece_or_bvcoe_ece_or_mait_eee/,I hoped of getting a better percentile but that 3 april s2 killed my hope and that made me sad for 3 -4 days and now my parents think I have a weak mentality to take a drop,NEGATIVE,-0.9334
Reddit,https://www.reddit.com/r/IPUniversity/comments/1kujyiq/gtbit_cse_or_bpit_ece_or_bvcoe_ece_or_mait_eee/,"Actually they're not wrong, drop yr does require a strong mentality, it's not as easy as it seems. However even I won't recommend drop unless you can grind like crazy and despite that it isn't guaranteed that improvement hoga because mehnat ki baat ho to so did I, even mere mocks me marks 160, 170 ke around tk gye the jo pichhle saal nhi hua tha but seeing the rank I got, you only know how uncertain things are. So think atleast a 100 times before taking a drop. Or else you can always grind college me.",NEGATIVE,-0.3947
Reddit,https://www.reddit.com/r/IPUniversity/comments/1kujyiq/gtbit_cse_or_bpit_ece_or_bvcoe_ece_or_mait_eee/,If you have genuine interest than take it but taking ece in tier 3 college is a risky move and don't depend on branch upradge because there will be many students that will be coming with the same mentality in the college,NEGATIVE,-0.8142
Reddit,https://www.reddit.com/r/IPUniversity/comments/1kujyiq/gtbit_cse_or_bpit_ece_or_bvcoe_ece_or_mait_eee/,Yeah true. Upgradation ka I'm not thinking pehle se hi. It's just that ki aage jb kuchh or hi Krna hai to why not 4 saal thode easy rhenge ghr ke paas ke plus ek theek thaak degree ho. But yeah it's not like ki bpit ya gtbit dono me so koi zyada better ho. So it's fine with cse as well ig. Baad baaki depends counselling me jaise jo mile,POSITIVE,0.3663
Reddit,https://www.reddit.com/r/IPUniversity/comments/1kujyiq/gtbit_cse_or_bpit_ece_or_bvcoe_ece_or_mait_eee/,Just for knowledge what do you want to do in future?,NEUTRAL,0.0
Reddit,https://www.reddit.com/r/IPUniversity/comments/1kujyiq/gtbit_cse_or_bpit_ece_or_bvcoe_ece_or_mait_eee/,Finance me jana hai,NEUTRAL,0.0
Reddit,https://www.reddit.com/r/IPUniversity/comments/1kujyiq/gtbit_cse_or_bpit_ece_or_bvcoe_ece_or_mait_eee/,Btw what is your rank?,NEUTRAL,0.0
Reddit,https://www.reddit.com/r/IPUniversity/comments/1kujyiq/gtbit_cse_or_bpit_ece_or_bvcoe_ece_or_mait_eee/,Yeah abhi tk to yhi socha hai,NEUTRAL,0.0
Reddit,https://www.reddit.com/r/IPUniversity/comments/1kujyiq/gtbit_cse_or_bpit_ece_or_bvcoe_ece_or_mait_eee/,Kitne cgpa chahiye hoti hai upgrade ke liye?,NEUTRAL,0.0
Reddit,https://www.reddit.com/r/IPUniversity/comments/1kujyiq/gtbit_cse_or_bpit_ece_or_bvcoe_ece_or_mait_eee/,MAIT eee or BVCOE ece,NEUTRAL,0.0
Reddit,https://www.reddit.com/r/IPUniversity/comments/1kujyiq/gtbit_cse_or_bpit_ece_or_bvcoe_ece_or_mait_eee/,Any day cse. Never take ece or eee in ipu.,NEGATIVE,-0.516
Reddit,https://www.reddit.com/r/IPUniversity/comments/1kujyiq/gtbit_cse_or_bpit_ece_or_bvcoe_ece_or_mait_eee/,Gtbit cse anyday upgradation ke chakkar mein mat rehna bhai 9.7+ gpa chahiye hoti hai mazak nhi ginti ke 3-4 bache upgrade krwa paate hein agar bpit bvcoe loge toh maanke chlna ki yahi continue krni padegi,NEGATIVE,-0.3894
Reddit,https://www.reddit.com/r/IPUniversity/comments/1kujyiq/gtbit_cse_or_bpit_ece_or_bvcoe_ece_or_mait_eee/,"Ha ha upgradation ka I'm not even thinking, but ha jaise gtbit and all nhi jana neither am I too obsessed with cse. I'll be fine with bpit ya bvcoe ece. So let's see",NEUTRAL,0.0
Reddit,https://www.reddit.com/r/IPUniversity/comments/1kujyiq/gtbit_cse_or_bpit_ece_or_bvcoe_ece_or_mait_eee/,"Damn thats great 👍🏻 wese ece mein placement bohot cooked hai aur syllabus bhi kuchh khaas nhi hai do you think tier 3 mein ece lena worth it rhega

Baaki if you are clear minded then it's great",POSITIVE,0.5628
Reddit,https://www.reddit.com/r/IPUniversity/comments/1kujyiq/gtbit_cse_or_bpit_ece_or_bvcoe_ece_or_mait_eee/,Yeah ofc future iske bharose thodi rkhungi. Everyone has plans. Bss ye tha ki jitna available hai usme hi thoda better ho in means of suitability considering conveyance and everything,POSITIVE,0.4169
Reddit,https://www.reddit.com/r/IPUniversity/comments/1kujyiq/gtbit_cse_or_bpit_ece_or_bvcoe_ece_or_mait_eee/,hey i might take up ece in bvcoe this yr ... dm if u wanna connect,NEUTRAL,0.0
Reddit,https://www.reddit.com/r/IPUniversity/comments/1kujyiq/gtbit_cse_or_bpit_ece_or_bvcoe_ece_or_mait_eee/,213187 crl rank general. I think bpit bvoce ya msit mai ece mil jayga round 3 thk adgitm mai sayd cse mil jaye koi honest review dega maine suna hai adgitm ka area acha nhi. And ky mait mai kch mil sakta hai,NEGATIVE,-0.3875
Reddit,https://www.reddit.com/r/IPUniversity/comments/1kujyiq/gtbit_cse_or_bpit_ece_or_bvcoe_ece_or_mait_eee/,"Bpit ece to most probably 1st ya worst case 2nd me mil hi jayega. Same for bvcoe 2nd round tk mil jayega. Adgitm i won't recommend to consider unless it's really close to your home and you like the college for some reason. But overall at this rank there are better options to consider be it ece itself from some other college go for it, but don't join gtbit adgitm vips or some other just for the sake of cse. It's just my personal take, you're open to have opinions",NEGATIVE,-0.3929
Reddit,https://www.reddit.com/r/IPUniversity/comments/1kujyiq/gtbit_cse_or_bpit_ece_or_bvcoe_ece_or_mait_eee/,Okay I am very indisciplined type that's my problem. Ece is I think much tougher than cse. U have to side by side study cs in ece .like for gate exam or interviews etc. I am less confidence in that can u advice me,NEGATIVE,-0.7775
Reddit,https://www.reddit.com/r/IPUniversity/comments/1mf1ate/bpit_it_gtbit_cse_gtbit_cse_ai_gtbit_it_gtbit_cse/,"BPIT IT, GTBIT CSE, GTBIT CSE AI, GTBIT IT, GTBIT CSE DS ko rank kardo for spot choice filling....",NEUTRAL,0.0
Reddit,https://www.reddit.com/r/IPUniversity/comments/1mf1ate/bpit_it_gtbit_cse_gtbit_cse_ai_gtbit_it_gtbit_cse/,Whats your rank bro? hs or os???,NEUTRAL,0.0
Reddit,https://www.reddit.com/r/IPUniversity/comments/1mf1ate/bpit_it_gtbit_cse_gtbit_cse_ai_gtbit_it_gtbit_cse/,2.5 lakh rank os all eyes on spot...,NEUTRAL,0.0
Reddit,https://www.reddit.com/r/IPUniversity/comments/1mf1ate/bpit_it_gtbit_cse_gtbit_cse_ai_gtbit_it_gtbit_cse/,Bhai bpit it mil jayegi tujhe spot me 2.5lakh os pe?,NEGATIVE,-0.362
Reddit,https://www.reddit.com/r/IPUniversity/comments/1mf1ate/bpit_it_gtbit_cse_gtbit_cse_ai_gtbit_it_gtbit_cse/,umeed toh hai sliding mein 2.47 tak gayi. hai and os hs ka koi scene nahi hota spot mein...,NEUTRAL,0.0
Reddit,https://www.reddit.com/r/IPUniversity/comments/1mf1ate/bpit_it_gtbit_cse_gtbit_cse_ai_gtbit_it_gtbit_cse/,"Are haan os hs wala to bhul hi gya tha, meri to 3.45 hai mujhe to nhi milega kuch better",NEGATIVE,-0.3573
Reddit,https://www.reddit.com/r/IPUniversity/comments/1mf1ate/bpit_it_gtbit_cse_gtbit_cse_ai_gtbit_it_gtbit_cse/,Bhai adgips me cse 2nd shift,NEUTRAL,0.0
Reddit,https://www.reddit.com/r/IPUniversity/comments/1mf1ate/bpit_it_gtbit_cse_gtbit_cse_ai_gtbit_it_gtbit_cse/,mere thode lawde lagg gaye hainn me jaa raha hu vit bhopal.... bc spot 2 tak delhi qouta.... inki maa ka bhosda fatt jaayeee....,NEGATIVE,-0.366
Reddit,https://www.reddit.com/r/IPUniversity/comments/1mf1ate/bpit_it_gtbit_cse_gtbit_cse_ai_gtbit_it_gtbit_cse/,Bhai vit bhopal hi chhoda maine akhilesh das ke liye😭 cat 1 me cse aiml mili thi mujhe vit bhopal me,NEGATIVE,-0.3734
Reddit,https://www.reddit.com/r/IPUniversity/comments/1mf1ate/bpit_it_gtbit_cse_gtbit_cse_ai_gtbit_it_gtbit_cse/,arrey bhai kyuuu???,NEUTRAL,0.0
Reddit,https://www.reddit.com/r/IPUniversity/comments/1mf1ate/bpit_it_gtbit_cse_gtbit_cse_ai_gtbit_it_gtbit_cse/,delhi ka hai toh sab milegaa bhai vips milega terekooo,POSITIVE,0.4
Reddit,https://www.reddit.com/r/IPUniversity/comments/1mf1ate/bpit_it_gtbit_cse_gtbit_cse_ai_gtbit_it_gtbit_cse/,"Bhai btech me vips naya hai abhi, use time lagega placement uthane me risk nhi lena chahta main",NEGATIVE,-0.3814
Reddit,https://www.reddit.com/r/IPUniversity/comments/1mf1ate/bpit_it_gtbit_cse_gtbit_cse_ai_gtbit_it_gtbit_cse/,BPIT IT&gt;GTBIT CSE AND RELATED&gt;GTBIT IT,NEUTRAL,0.0
Reddit,https://www.reddit.com/r/IPUniversity/comments/1mf1ate/bpit_it_gtbit_cse_gtbit_cse_ai_gtbit_it_gtbit_cse/,gtbit cse/cse ai vs bpit IT hai😭😭😭😭,NEGATIVE,-0.4764
Reddit,https://www.reddit.com/r/IPUniversity/comments/1mf1ate/bpit_it_gtbit_cse_gtbit_cse_ai_gtbit_it_gtbit_cse/,BPIT IT &gt; GTBIT CSE &gt; GTBIT CS AI/DS &gt; GTBIT IT,NEUTRAL,0.0
Reddit,https://www.reddit.com/r/IPUniversity/comments/1mf1ate/bpit_it_gtbit_cse_gtbit_cse_ai_gtbit_it_gtbit_cse/,CSE aiml VIT Bhopal .... bhi hai toh fir usse kitna rate karoge iss ranking mein?,NEUTRAL,0.0
Reddit,https://www.reddit.com/r/IPUniversity/comments/1mf1ate/bpit_it_gtbit_cse_gtbit_cse_ai_gtbit_it_gtbit_cse/,GTBIT CSE ke aaspass? Bhot bheed hoti VIT mein toh competition bhi bhot hai and VIT V/C campus ke baad walo ki as such tbh kam hi value hai,NEGATIVE,-0.4372
Reddit,https://www.reddit.com/r/IPUniversity/comments/1mf1ate/bpit_it_gtbit_cse_gtbit_cse_ai_gtbit_it_gtbit_cse/,Gtbit cse&gt; bpit it&gt; gtbit cs aiml&gt; gtbit it&gt;gtbit cs ds,NEUTRAL,0.0
Reddit,https://www.reddit.com/r/IPUniversity/comments/1mf1ate/bpit_it_gtbit_cse_gtbit_cse_ai_gtbit_it_gtbit_cse/,"Sbka apna opinion hai dost, chill",NEUTRAL,0.0
Reddit,https://www.reddit.com/r/IPUniversity/comments/1mf1ate/bpit_it_gtbit_cse_gtbit_cse_ai_gtbit_it_gtbit_cse/,Opinion bolke DTC ko DTU ke upr rkhdio😭🫶,NEGATIVE,-0.4927
Reddit,https://www.reddit.com/r/IPUniversity/comments/1mf1ate/bpit_it_gtbit_cse_gtbit_cse_ai_gtbit_it_gtbit_cse/,"Gtbit ke attendance scene ko dekh kr sirf gtbit cse ko upar rkha tha, baaki bhai jo bolna hai bolo abb mai kisi pe apna opinion force ni kr skta;)",NEGATIVE,-0.4058
Reddit,https://www.reddit.com/r/IPUniversity/comments/1mf1ate/bpit_it_gtbit_cse_gtbit_cse_ai_gtbit_it_gtbit_cse/,Bpit ka attendance scene is clean asf too,POSITIVE,0.6764
Reddit,https://www.reddit.com/r/IPUniversity/comments/1mf1ate/bpit_it_gtbit_cse_gtbit_cse_ai_gtbit_it_gtbit_cse/,"Not as per my senior, and he has bagged 21 LPA off campus swiggy",NEGATIVE,-0.7916
Reddit,https://www.reddit.com/r/IPUniversity/comments/1mf1ate/bpit_it_gtbit_cse_gtbit_cse_ai_gtbit_it_gtbit_cse/,Bpit it better h bhai I think,NEUTRAL,0.0
Reddit,https://www.reddit.com/r/IPUniversity/comments/1mf1ate/bpit_it_gtbit_cse_gtbit_cse_ai_gtbit_it_gtbit_cse/,Bhai gtbit ko bpit se upar kon rkhta hai,NEUTRAL,0.0
Reddit,https://www.reddit.com/r/IPUniversity/comments/1mf1ate/bpit_it_gtbit_cse_gtbit_cse_ai_gtbit_it_gtbit_cse/,"Just my opinion buddy, sabka apne thoughts",NEUTRAL,0.0
Reddit,https://www.reddit.com/r/IPUniversity/comments/1mf1ate/bpit_it_gtbit_cse_gtbit_cse_ai_gtbit_it_gtbit_cse/,Bhai tere opinion confusion create kr sakte hai cse and it almost similar hote hai and usmai tho bpit jo top 5 ipu ke under aata hai and gtbit bhaot niche aata hai,NEGATIVE,-0.3864
Reddit,https://www.reddit.com/r/IPUniversity/comments/1mf1ate/bpit_it_gtbit_cse_gtbit_cse_ai_gtbit_it_gtbit_cse/,"Bhot niche toh nahi bhai
Bpit 4th/5th hai and gtbit 7th hai

Even maine bpit it chorh ke gtbit cse li hai",NEUTRAL,0.0
Reddit,https://www.reddit.com/r/IPUniversity/comments/1mf1ate/bpit_it_gtbit_cse_gtbit_cse_ai_gtbit_it_gtbit_cse/,Bhai tho dusro ko kyu daal raha hai bpit anyday above gitbit bro. Chl koi na,NEGATIVE,-0.5488
Reddit,https://www.reddit.com/r/IPUniversity/comments/1ssphdi/usct_energy_or_usct_chemical_eng_or_bpitece_or/,"usct (energy ) or usct (chemical eng) or bpit(ece) or bpit (eee) or bvcoe (eee) female btw , 270k rank aayi ha ! general -delhi , aur koi options ha toh pls tell!!

WHICH ONE would be better?

honestly dont care about placement , looking which has more scope in research ?

also campus , and crowd ,and hows overall scene there??",NEUTRAL,0.0
Reddit,https://www.reddit.com/r/IPUniversity/comments/1silrzt/someone_from_bpit_it_2027_batch/,"Someone from BPIT IT 2027 batch? Msg me me, had to ask something",NEUTRAL,0.0
Reddit,https://www.reddit.com/r/IPUniversity/comments/1lucjj7/how_much_ive_to_pay_for_management_quote_to_get/,How much I've to pay for management quote to get admission in BPIT OR MSIT? For btech in CSE,NEUTRAL,0.0
Reddit,https://www.reddit.com/r/IPUniversity/comments/1lucjj7/how_much_ive_to_pay_for_management_quote_to_get/,Minimum 10-15 lakhs,NEUTRAL,0.0
Reddit,https://www.reddit.com/r/IPUniversity/comments/1lucjj7/how_much_ive_to_pay_for_management_quote_to_get/,Naa excluding fee!,NEUTRAL,0.0
Reddit,https://www.reddit.com/r/IPUniversity/comments/1lucjj7/how_much_ive_to_pay_for_management_quote_to_get/,Mat kar lala itna nhi hota hai,NEGATIVE,-0.3618
Reddit,https://www.reddit.com/r/IPUniversity/comments/1lucjj7/how_much_ive_to_pay_for_management_quote_to_get/,Lala jinki rank nahi aati unki aise hi gand marte hai private wale😔,NEGATIVE,-0.4959
Reddit,https://www.reddit.com/r/IPUniversity/comments/1lucjj7/how_much_ive_to_pay_for_management_quote_to_get/,"bhai ager boards main 90+ hai to 2 lakh extra, abhi kuch time phele hi mere dost ne pata kra tha college jakr",NEUTRAL,0.0
Reddit,https://www.reddit.com/r/IPUniversity/comments/1lucjj7/how_much_ive_to_pay_for_management_quote_to_get/,ek baar college jakr pata kr lena chaiye tumhe,NEGATIVE,-0.348
Reddit,https://www.reddit.com/r/IPUniversity/comments/1lucjj7/how_much_ive_to_pay_for_management_quote_to_get/,Agar 90+ hai toh surely try karna aur jo yeh chutiye yaha Akar keh rhe hey extra pese lgte research krke aao. These are the colleges which do not take any donation they have surrendered their management quota seats to ggsipu itself aur Haa mai college jakar aur ggsipu ke admission fair se pata krke aya hu yeh sab . Backup bhi soch ke rkhna ig thoda boht ghapla toh shayad chalta ho.,NEGATIVE,-0.3621
Reddit,https://www.reddit.com/r/IPUniversity/comments/1lucjj7/how_much_ive_to_pay_for_management_quote_to_get/,Direct clg me baat karke aaya hai kya? Chor thodi bolega sabke samne ki usne chori ki hai😂,NEGATIVE,-0.3741
Reddit,https://www.reddit.com/r/IPUniversity/comments/1lucjj7/how_much_ive_to_pay_for_management_quote_to_get/,Msit ka toh college ma hee baat krke aya tha bpit ka no idea aur mait wale 16lakh maang rhe the muh pe,NEGATIVE,-0.3798
Reddit,https://www.reddit.com/r/IPUniversity/comments/1lucjj7/how_much_ive_to_pay_for_management_quote_to_get/,Mujhe toh mait waalo ne 20 L bola,NEGATIVE,-0.3741
Reddit,https://www.reddit.com/r/IPUniversity/comments/1lucjj7/how_much_ive_to_pay_for_management_quote_to_get/,Ig usse better nhin toh barabar ke college ma admission hogya hai ab,NEGATIVE,-0.4204
Reddit,https://www.reddit.com/r/IPUniversity/comments/1lucjj7/how_much_ive_to_pay_for_management_quote_to_get/,MSIT Mai to management quota band hai,NEUTRAL,0.0
Reddit,https://www.reddit.com/r/IPUniversity/comments/1lucjj7/how_much_ive_to_pay_for_management_quote_to_get/,Ma wahi toh keh rha hu original comment padho,NEUTRAL,0.0
Reddit,https://www.reddit.com/r/IPUniversity/comments/1lucjj7/how_much_ive_to_pay_for_management_quote_to_get/,Are waha 12th basis par bhi admission band hai,NEUTRAL,0.0
Reddit,https://www.reddit.com/r/IPUniversity/comments/1lucjj7/how_much_ive_to_pay_for_management_quote_to_get/,Chalu hai bhai purely 12th nhin tumne jee diya hona chahiye hai admission 12th basis pe hoga bss,NEGATIVE,-0.388
Reddit,https://www.reddit.com/r/IPUniversity/comments/1lucjj7/how_much_ive_to_pay_for_management_quote_to_get/,Bro seat intake mai check karo,NEUTRAL,0.0
Reddit,https://www.reddit.com/r/IPUniversity/comments/1lucjj7/how_much_ive_to_pay_for_management_quote_to_get/,Boards ke marks dekhte hai 85-90+ hona chahiye,NEUTRAL,0.0
Reddit,https://www.reddit.com/r/IPUniversity/comments/1lucjj7/how_much_ive_to_pay_for_management_quote_to_get/,Overall percentage Matlab 5 ki,NEUTRAL,0.0
Reddit,https://www.reddit.com/r/IPUniversity/comments/1lucjj7/how_much_ive_to_pay_for_management_quote_to_get/,Last year 88.4 tha bhai Iss saal ka notice ayega tab hi pata chalega,NEUTRAL,0.0
Reddit,https://www.reddit.com/r/IPUniversity/comments/1lucjj7/how_much_ive_to_pay_for_management_quote_to_get/,😭 shukriya ji apka bhi bhagwan acha kare 🙏🏻,POSITIVE,0.4681
Reddit,https://www.reddit.com/r/IPUniversity/comments/1lucjj7/how_much_ive_to_pay_for_management_quote_to_get/,I guess pucha tha ki unhe seat mil jayegi lol,NEUTRAL,0.0
Reddit,https://www.reddit.com/r/IPUniversity/comments/1lucjj7/how_much_ive_to_pay_for_management_quote_to_get/,Total fees of college + extra 5-7 lakh.,NEUTRAL,0.0
Reddit,https://www.reddit.com/r/IPUniversity/comments/1lucjj7/how_much_ive_to_pay_for_management_quote_to_get/,hey can you please dm me?,NEUTRAL,0.0
Reddit,https://www.reddit.com/r/IPUniversity/comments/1lucjj7/how_much_ive_to_pay_for_management_quote_to_get/,"hey, did you or did anyone yk take admission through mq? also, can i get cse at any of the top ipu colleges with 81.6 boards percentage?",NEUTRAL,0.0
Reddit,https://www.reddit.com/r/IPUniversity/comments/1lucjj7/how_much_ive_to_pay_for_management_quote_to_get/,You can get bvcoe/bpit cse and no chance at mait/msit cse.,NEGATIVE,-0.5242
Reddit,https://www.reddit.com/r/IPUniversity/comments/1lucjj7/how_much_ive_to_pay_for_management_quote_to_get/,"okay, thank you. i just wanted to know what source you have that I'll get bvcoe/bpit cse? because to fill out the form, I'll have to pay 2.5k for each.. and I don't wanna waste money..",NEGATIVE,-0.4623
Reddit,https://www.reddit.com/r/IPUniversity/comments/1lucjj7/how_much_ive_to_pay_for_management_quote_to_get/,"90-95% for mait cse, 85-89% for msit cse and 75-85% for bvcoe/bpit cse/ece.

Senior have told this. And there are also some post about this in the sub.",NEUTRAL,0.0
Reddit,https://www.reddit.com/r/IPUniversity/comments/1lucjj7/how_much_ive_to_pay_for_management_quote_to_get/,bhai 70 percent walo k liye kucch nhi h kya 😢😢,NEGATIVE,-0.5098
Reddit,https://www.reddit.com/r/IPUniversity/comments/1lucjj7/how_much_ive_to_pay_for_management_quote_to_get/,"88%pr msit it ya fir bvcoe cse mil skta hai, hs delhi???????",NEGATIVE,-0.4141
Reddit,https://www.reddit.com/r/IPUniversity/comments/1lucjj7/how_much_ive_to_pay_for_management_quote_to_get/,bade aaram se mil jaayegi,POSITIVE,0.3733
Reddit,https://www.reddit.com/r/IPUniversity/comments/1pmz87p/bpit_me_phone_leke_ja_sakte_hai_chori_to_nhi_hoga/,BPIT me Phone leke ja sakte hai. Chori to nhi hoga? Jaldi bta do please For Endsem Exam,NEGATIVE,-0.3477
Reddit,https://www.reddit.com/r/IPUniversity/comments/1pmz87p/bpit_me_phone_leke_ja_sakte_hai_chori_to_nhi_hoga/,Bhai Aaj jo jnta gyi h jese hi niklegi pta chll jaega,POSITIVE,0.3372
Reddit,https://www.reddit.com/r/IPUniversity/comments/1pmz87p/bpit_me_phone_leke_ja_sakte_hai_chori_to_nhi_hoga/,Aaj wali janta se kaise sampark kre,NEGATIVE,-0.401
Reddit,https://www.reddit.com/r/IPUniversity/comments/1pmz87p/bpit_me_phone_leke_ja_sakte_hai_chori_to_nhi_hoga/,Krliya bhai mene unhe phones bag m rkhwa ke bag ground me rkhwa diye the so thoda sa unsafe to hai,NEGATIVE,-0.471
Reddit,https://www.reddit.com/r/IPUniversity/comments/1pmz87p/bpit_me_phone_leke_ja_sakte_hai_chori_to_nhi_hoga/,Mera bhi centre hain BPIt to,NEUTRAL,0.0
Reddit,https://www.reddit.com/r/IPUniversity/comments/1pmz87p/bpit_me_phone_leke_ja_sakte_hai_chori_to_nhi_hoga/,Na bhai nhi hoga kafi sahi staff hai yaha,POSITIVE,0.3749
Reddit,https://www.reddit.com/r/IPUniversity/comments/1pmz87p/bpit_me_phone_leke_ja_sakte_hai_chori_to_nhi_hoga/,Cheating krne dete hai?,NEGATIVE,-0.4909
Reddit,https://www.reddit.com/r/IPUniversity/comments/1pmz87p/bpit_me_phone_leke_ja_sakte_hai_chori_to_nhi_hoga/,camera pakad lega lala..mat kar,NEGATIVE,-0.4201
Reddit,https://www.reddit.com/r/IPUniversity/comments/1pmz87p/bpit_me_phone_leke_ja_sakte_hai_chori_to_nhi_hoga/,Camera nhi hai classes mei but still cheating mat kario agar pakda gya to maafi nhi milegi,NEGATIVE,-0.404
Reddit,https://www.reddit.com/r/IPUniversity/comments/1pmz87p/bpit_me_phone_leke_ja_sakte_hai_chori_to_nhi_hoga/,Strictness hain BPIT mein,NEGATIVE,-0.7415
Reddit,https://www.reddit.com/r/IPUniversity/comments/1pmz87p/bpit_me_phone_leke_ja_sakte_hai_chori_to_nhi_hoga/,is college tak kaise pahuche ? guide pls,NEUTRAL,0.0
Reddit,https://www.reddit.com/r/IPUniversity/comments/1pmz87p/bpit_me_phone_leke_ja_sakte_hai_chori_to_nhi_hoga/,"rithala metro utar ke left wala exit, exit se bhar rikshawala tum le jayega 10-20 rs mai",NEUTRAL,0.0
Shiksha,https://www.shiksha.com/college/bhagwan-parshuram-institute-of-technology-rohini-delhi-49447/reviews,Popular Courses<br>    - [B.Sc.,NEUTRAL,0.0
Shiksha,https://www.shiksha.com/college/bhagwan-parshuram-institute-of-technology-rohini-delhi-49447/reviews,"BPIT Delhi Reviews on Placements, Faculty & Facilities",NEUTRAL,0.0
Shiksha,https://www.shiksha.com/college/bhagwan-parshuram-institute-of-technology-rohini-delhi-49447/reviews,BPIT Delhi    Students Ratings & Reviews,NEUTRAL,0.0
Shiksha,https://www.shiksha.com/college/bhagwan-parshuram-institute-of-technology-rohini-delhi-49447/reviews,How to reach Bhagwan Parshuram Institute of Technology? lightscameracampus transport metro - YouTube,NEUTRAL,0.0
Shiksha,https://www.shiksha.com/college/bhagwan-parshuram-institute-of-technology-rohini-delhi-49447/reviews,Not just studies! Fun clubs & societies ...,POSITIVE,0.5158
Shiksha,https://www.shiksha.com/college/bhagwan-parshuram-institute-of-technology-rohini-delhi-49447/reviews,📈 BPIT Placement Trends: What’s Changin...,NEUTRAL,0.0
Shiksha,https://www.shiksha.com/college/bhagwan-parshuram-institute-of-technology-rohini-delhi-49447/reviews,Lateral entry at BPIT: Everything you ne...,NEUTRAL,0.0
Shiksha,https://www.shiksha.com/college/bhagwan-parshuram-institute-of-technology-rohini-delhi-49447/reviews,Filter & read reviews that mention these keywords,NEUTRAL,0.0
Shiksha,https://www.shiksha.com/college/bhagwan-parshuram-institute-of-technology-rohini-delhi-49447/reviews,3Placements4Infrastructure3Faculty3Crowd & Campus Life4Value for Money,NEUTRAL,0.0
Shiksha,https://www.shiksha.com/college/bhagwan-parshuram-institute-of-technology-rohini-delhi-49447/reviews,"Good location, supportive faculty but infrastructure needs improvement.",POSITIVE,0.6895
Shiksha,https://www.shiksha.com/college/bhagwan-parshuram-institute-of-technology-rohini-delhi-49447/reviews,Placements: Placements for the B.Tech IT course at BPIT are average but consistent.,NEUTRAL,0.0
Shiksha,https://www.shiksha.com/college/bhagwan-parshuram-institute-of-technology-rohini-delhi-49447/reviews,Around 70 percent of students from the IT batch get placed every year through on campus drives.,NEUTRAL,0.0
Shiksha,https://www.shiksha.com/college/bhagwan-parshuram-institute-of-technology-rohini-delhi-49447/reviews,"The highest on campus package has gone up to 27 LPA, offered by Justpay.",NEUTRAL,0.0
Shiksha,https://www.shiksha.com/college/bhagwan-parshuram-institute-of-technology-rohini-delhi-49447/reviews,While the average package ranges between 4 LPA and 5 LPA.,NEUTRAL,0.0
Shiksha,https://www.shiksha.com/college/bhagwan-parshuram-institute-of-technology-rohini-delhi-49447/reviews,"The lowest package is around 3 LPA, mostly offered by service based companies.",NEUTRAL,0.0
Shiksha,https://www.shiksha.com/college/bhagwan-parshuram-institute-of-technology-rohini-delhi-49447/reviews,"Some good companies also recruit students off campus, including product based firms, for students who prepare well on their own.",POSITIVE,0.5825
Shiksha,https://www.shiksha.com/college/bhagwan-parshuram-institute-of-technology-rohini-delhi-49447/reviews,"Internship opportunities are available, but most students need to apply independently.",NEUTRAL,0.0
Shiksha,https://www.shiksha.com/college/bhagwan-parshuram-institute-of-technology-rohini-delhi-49447/reviews,"Common roles offered include Software Developer, Associate Engineer and data analyst etc.",NEUTRAL,0.0
Shiksha,https://www.shiksha.com/college/bhagwan-parshuram-institute-of-technology-rohini-delhi-49447/reviews,Infrastructure: The overall infrastructure of BPIT is average.,NEUTRAL,0.0
Shiksha,https://www.shiksha.com/college/bhagwan-parshuram-institute-of-technology-rohini-delhi-49447/reviews,"The campus size is small, but cleanliness is well maintained.",POSITIVE,0.6928
Shiksha,https://www.shiksha.com/college/bhagwan-parshuram-institute-of-technology-rohini-delhi-49447/reviews,"Classrooms in older buildings do not have air conditioning, although the new buildings are equipped with ACs.",NEUTRAL,0.0
Shiksha,https://www.shiksha.com/college/bhagwan-parshuram-institute-of-technology-rohini-delhi-49447/reviews,The library has the best facility in the college.,POSITIVE,0.8871
Shiksha,https://www.shiksha.com/college/bhagwan-parshuram-institute-of-technology-rohini-delhi-49447/reviews,"It is well equipped, air conditioned and open till 5:00 PM for all students.",NEUTRAL,0.0
Shiksha,https://www.shiksha.com/college/bhagwan-parshuram-institute-of-technology-rohini-delhi-49447/reviews,Wi-Fi is provided free of cost but the connectivity is quite poor and unreliable.,NEGATIVE,-0.9001
Shiksha,https://www.shiksha.com/college/bhagwan-parshuram-institute-of-technology-rohini-delhi-49447/reviews,Labs are functional but basic.,NEUTRAL,0.0
Shiksha,https://www.shiksha.com/college/bhagwan-parshuram-institute-of-technology-rohini-delhi-49447/reviews,There is no boys hostel in the college.,NEUTRAL,0.0
Shiksha,https://www.shiksha.com/college/bhagwan-parshuram-institute-of-technology-rohini-delhi-49447/reviews,Sports facilities are limited and need improvement.,NEGATIVE,-0.7795
Shiksha,https://www.shiksha.com/college/bhagwan-parshuram-institute-of-technology-rohini-delhi-49447/reviews,Medical and canteen facilities are basic but sufficient for daily needs.,POSITIVE,0.5048
Shiksha,https://www.shiksha.com/college/bhagwan-parshuram-institute-of-technology-rohini-delhi-49447/reviews,Faculty: Faculty members at BPIT are well qualified and knowledgeable.,POSITIVE,0.8416
Shiksha,https://www.shiksha.com/college/bhagwan-parshuram-institute-of-technology-rohini-delhi-49447/reviews,"Most teachers are supportive, especially if students are attentive in class and perform well academically.",POSITIVE,0.7852
Shiksha,https://www.shiksha.com/college/bhagwan-parshuram-institute-of-technology-rohini-delhi-49447/reviews,Teaching quality is good for students who actively participate and pay attention.,POSITIVE,0.8238
Shiksha,https://www.shiksha.com/college/bhagwan-parshuram-institute-of-technology-rohini-delhi-49447/reviews,The curriculum is relevant and similar to other engineering colleges but students need to work on additional skills to become industry ready.,NEUTRAL,0.0
Shiksha,https://www.shiksha.com/college/bhagwan-parshuram-institute-of-technology-rohini-delhi-49447/reviews,"Overall, academics are manageable and structured.",POSITIVE,0.7897
Shiksha,https://www.shiksha.com/college/bhagwan-parshuram-institute-of-technology-rohini-delhi-49447/reviews,Other: The student crowd at BPIT is mixed and the overall experience depends a lot on the peer group one chooses.,NEUTRAL,0.0
Shiksha,https://www.shiksha.com/college/bhagwan-parshuram-institute-of-technology-rohini-delhi-49447/reviews,"Technical clubs are active, while non technical clubs are comparatively less active.",NEUTRAL,0.0
Shiksha,https://www.shiksha.com/college/bhagwan-parshuram-institute-of-technology-rohini-delhi-49447/reviews,Events are organized regularly and students participate in the university level fest Anugoonj.,NEUTRAL,0.0
Shiksha,https://www.shiksha.com/college/bhagwan-parshuram-institute-of-technology-rohini-delhi-49447/reviews,The location might be a advantage because its situated in a prime area of Rohini making daily communication easy.,POSITIVE,0.6561
Shiksha,https://www.shiksha.com/college/bhagwan-parshuram-institute-of-technology-rohini-delhi-49447/reviews,"Areas that need improvement include Wi-Fi connectivity, sports facilities and classroom infrastructure.",NEUTRAL,0.0
Shiksha,https://www.shiksha.com/college/bhagwan-parshuram-institute-of-technology-rohini-delhi-49447/reviews,"Overall, BPIT is a reasonable choice for students who are willing to put in extra effort beyond academics.",POSITIVE,0.849
Shiksha,https://www.shiksha.com/college/bhagwan-parshuram-institute-of-technology-rohini-delhi-49447/reviews,3Placements3Infrastructure3Faculty4Crowd & Campus Life3Value for Money,NEUTRAL,0.0
Shiksha,https://www.shiksha.com/college/bhagwan-parshuram-institute-of-technology-rohini-delhi-49447/reviews,"Infrastructure and facilities are good, but Wi-Fi does not work.",NEGATIVE,-0.726
Shiksha,https://www.shiksha.com/college/bhagwan-parshuram-institute-of-technology-rohini-delhi-49447/reviews,Placements: The final percentage for the 2025 batch is still being consolidated.,NEUTRAL,0.0
Shiksha,https://www.shiksha.com/college/bhagwan-parshuram-institute-of-technology-rohini-delhi-49447/reviews,The IT branch has seen 258 offers made so far.,NEUTRAL,0.0
Shiksha,https://www.shiksha.com/college/bhagwan-parshuram-institute-of-technology-rohini-delhi-49447/reviews,"For context, the placement rate for the IT branch in the previous verified session (2024) was approximately 67 percent.",NEUTRAL,0.0
Shiksha,https://www.shiksha.com/college/bhagwan-parshuram-institute-of-technology-rohini-delhi-49447/reviews,"Given the high number of offers this year, the percentage is expected to be similar or higher.",NEUTRAL,0.0
Shiksha,https://www.shiksha.com/college/bhagwan-parshuram-institute-of-technology-rohini-delhi-49447/reviews,"Dream Companies: Microsoft, Google, Amazon (offered 46.38 LPA), Juspay (21 LPA-27 LPA).",NEUTRAL,0.0
Shiksha,https://www.shiksha.com/college/bhagwan-parshuram-institute-of-technology-rohini-delhi-49447/reviews,"Major recruiters like ZS Associate (hires significantly with packages 12 LPA-13 LPA), ION Group, Josh Technology, and FNZ Group.",NEUTRAL,0.0
Shiksha,https://www.shiksha.com/college/bhagwan-parshuram-institute-of-technology-rohini-delhi-49447/reviews,"Mass recruiters are TCS, Infosys, Accenture, and Cognizant.",NEUTRAL,0.0
Shiksha,https://www.shiksha.com/college/bhagwan-parshuram-institute-of-technology-rohini-delhi-49447/reviews,"Infrastructure: The facilities and infrastructure are good, and the library also has AC, but the classrooms do not have AC, and the hostel is only for girls, and there is only one canteen, and medical facilities are available.",NEUTRAL,0.0
Shiksha,https://www.shiksha.com/college/bhagwan-parshuram-institute-of-technology-rohini-delhi-49447/reviews,"Wi-Fi is available, but the speed is not good.",NEGATIVE,-0.6989
Shiksha,https://www.shiksha.com/college/bhagwan-parshuram-institute-of-technology-rohini-delhi-49447/reviews,"Teachers are experienced, and you can get books from the college itself.",NEUTRAL,0.0
Shiksha,https://www.shiksha.com/college/bhagwan-parshuram-institute-of-technology-rohini-delhi-49447/reviews,"The pass percentage is good, most of them pass.",POSITIVE,0.6076
Shiksha,https://www.shiksha.com/college/bhagwan-parshuram-institute-of-technology-rohini-delhi-49447/reviews,You will be taught two units in a month.,NEUTRAL,0.0
Shiksha,https://www.shiksha.com/college/bhagwan-parshuram-institute-of-technology-rohini-delhi-49447/reviews,"Yoga is taught very quickly, and you will be given assignments from time to time.",POSITIVE,0.4932
Shiksha,https://www.shiksha.com/college/bhagwan-parshuram-institute-of-technology-rohini-delhi-49447/reviews,"If there are four units, then you will get assignments depending on your teachers.",NEUTRAL,0.0
Shiksha,https://www.shiksha.com/college/bhagwan-parshuram-institute-of-technology-rohini-delhi-49447/reviews,"Other: Events, fests, and campus crowds are good.",POSITIVE,0.7484
Shiksha,https://www.shiksha.com/college/bhagwan-parshuram-institute-of-technology-rohini-delhi-49447/reviews,The connectivity is also very good.,POSITIVE,0.8778
Shiksha,https://www.shiksha.com/college/bhagwan-parshuram-institute-of-technology-rohini-delhi-49447/reviews,"Rithala metro is nearby, and you have good campus surroundings, also, you can go here and there.",POSITIVE,0.68
Shiksha,https://www.shiksha.com/college/bhagwan-parshuram-institute-of-technology-rohini-delhi-49447/reviews,4Placements4Infrastructure4Faculty2Crowd & Campus Life4Value for Money,NEUTRAL,0.0
Shiksha,https://www.shiksha.com/college/bhagwan-parshuram-institute-of-technology-rohini-delhi-49447/reviews,"Placements: BPIT placements dominate with 90% placement, and the average is around 6 to 7 LPA, with the top going from 50 to 60 LPA.",NEUTRAL,0.0
Shiksha,https://www.shiksha.com/college/bhagwan-parshuram-institute-of-technology-rohini-delhi-49447/reviews,"Companies that come here are ZS Associate, Amazon, Justpay, Gemini, HCL, etc.",NEUTRAL,0.0
Shiksha,https://www.shiksha.com/college/bhagwan-parshuram-institute-of-technology-rohini-delhi-49447/reviews,"Roles offered are SDE, etc, and demand DSA mainly, so a good number of companies arrive here.",NEUTRAL,0.0
Shiksha,https://www.shiksha.com/college/bhagwan-parshuram-institute-of-technology-rohini-delhi-49447/reviews,"Infrastructure: Decent Wi-Fi and classrooms are pretty clean, yet old fashioned, no AC in the old building, yet there are ACs in the new building.",POSITIVE,0.435
Shiksha,https://www.shiksha.com/college/bhagwan-parshuram-institute-of-technology-rohini-delhi-49447/reviews,The hostel is also quite decent.,POSITIVE,0.865
Shiksha,https://www.shiksha.com/college/bhagwan-parshuram-institute-of-technology-rohini-delhi-49447/reviews,"Mess food is also good, but sometimes not good.",NEGATIVE,-0.5141
Shiksha,https://www.shiksha.com/college/bhagwan-parshuram-institute-of-technology-rohini-delhi-49447/reviews,"No sports facilities here as such, and no medical facilities here.",NEGATIVE,-0.6673
Shiksha,https://www.shiksha.com/college/bhagwan-parshuram-institute-of-technology-rohini-delhi-49447/reviews,The canteen is overcrowded during breaks and very suffocating.,NEGATIVE,-0.9506
Shiksha,https://www.shiksha.com/college/bhagwan-parshuram-institute-of-technology-rohini-delhi-49447/reviews,"They teach really well, but some teachers are not that good and wont give attendance even if you represented your college in a hackathon, etc.",NEGATIVE,-0.861
Shiksha,https://www.shiksha.com/college/bhagwan-parshuram-institute-of-technology-rohini-delhi-49447/reviews,"You are on your own here, study through online courses and have decent attendance, or get ready to get low marks in internals.",NEUTRAL,0.0
Shiksha,https://www.shiksha.com/college/bhagwan-parshuram-institute-of-technology-rohini-delhi-49447/reviews,"I had no choice, this is what I was getting in JEE with my rank, and there is no event here, the worst crowd with a cheap mindset.",NEGATIVE,-0.9447
Shiksha,https://www.shiksha.com/college/bhagwan-parshuram-institute-of-technology-rohini-delhi-49447/reviews,"Some people are really good and want to grow, but do not expect everyone here to be productive.",NEGATIVE,-0.5078
Shiksha,https://www.shiksha.com/college/bhagwan-parshuram-institute-of-technology-rohini-delhi-49447/reviews,4Placements4Infrastructure4Faculty4Crowd & Campus Life4Value for Money,NEUTRAL,0.0
Shiksha,https://www.shiksha.com/college/bhagwan-parshuram-institute-of-technology-rohini-delhi-49447/reviews,Review of Bhagwan Parshuram Institute of Technology.,NEUTRAL,0.0
Shiksha,https://www.shiksha.com/college/bhagwan-parshuram-institute-of-technology-rohini-delhi-49447/reviews,Placements: Placements in our branch have been fairly good.,POSITIVE,0.855
Shiksha,https://www.shiksha.com/college/bhagwan-parshuram-institute-of-technology-rohini-delhi-49447/reviews,Around 60% of students got placed this year.,NEUTRAL,0.0
Shiksha,https://www.shiksha.com/college/bhagwan-parshuram-institute-of-technology-rohini-delhi-49447/reviews,"The highest salary package offered is 46 LPA, and the average salary packages are around 7 LPA.",NEUTRAL,0.0
Shiksha,https://www.shiksha.com/college/bhagwan-parshuram-institute-of-technology-rohini-delhi-49447/reviews,Companies like ZS Associates and Josh Technology offer placements and roles such as data analyst and business analyst.,NEUTRAL,0.0
Shiksha,https://www.shiksha.com/college/bhagwan-parshuram-institute-of-technology-rohini-delhi-49447/reviews,"If you are consistent with your academics and keep your skills sharp, you have a pretty good chance.",POSITIVE,0.8173
Shiksha,https://www.shiksha.com/college/bhagwan-parshuram-institute-of-technology-rohini-delhi-49447/reviews,Internships are also a strong point.,POSITIVE,0.5804
Shiksha,https://www.shiksha.com/college/bhagwan-parshuram-institute-of-technology-rohini-delhi-49447/reviews,About 80% of students managed to get one.,POSITIVE,0.6245
Shiksha,https://www.shiksha.com/college/bhagwan-parshuram-institute-of-technology-rohini-delhi-49447/reviews,"Most of us get to work on real-world projects, which helps us prepare better for placements.",POSITIVE,0.6458
Shiksha,https://www.shiksha.com/college/bhagwan-parshuram-institute-of-technology-rohini-delhi-49447/reviews,"Infrastructure: Infrastructure at Bhagwan Parshuram Institute of Technology is quite decent and well-maintained, especially for the IT department.",POSITIVE,0.7268
Shiksha,https://www.shiksha.com/college/bhagwan-parshuram-institute-of-technology-rohini-delhi-49447/reviews,Classrooms are spacious and equipped with projectors for digital learning.,POSITIVE,0.6994
Shiksha,https://www.shiksha.com/college/bhagwan-parshuram-institute-of-technology-rohini-delhi-49447/reviews,Computer labs are updated with the required software and hardware for practical and project work.,NEUTRAL,0.0
Shiksha,https://www.shiksha.com/college/bhagwan-parshuram-institute-of-technology-rohini-delhi-49447/reviews,"The central library is a peaceful place to study and has a good collection of academic books, journals, and reference materials.",POSITIVE,0.8298
Shiksha,https://www.shiksha.com/college/bhagwan-parshuram-institute-of-technology-rohini-delhi-49447/reviews,There are also digital resources available for students.,NEUTRAL,0.0
Shiksha,https://www.shiksha.com/college/bhagwan-parshuram-institute-of-technology-rohini-delhi-49447/reviews,Faculty: Faculty at BPIT is quite supportive.,POSITIVE,0.885
Shiksha,https://www.shiksha.com/college/bhagwan-parshuram-institute-of-technology-rohini-delhi-49447/reviews,"Most of the professors are well-qualified, and many hold either M.Tech or Ph.D. degrees.",NEUTRAL,0.0
Shiksha,https://www.shiksha.com/college/bhagwan-parshuram-institute-of-technology-rohini-delhi-49447/reviews,A good number of them explain concepts clearly and are genuinely interested in helping students understand the subject.,POSITIVE,0.7687
Shiksha,https://www.shiksha.com/college/bhagwan-parshuram-institute-of-technology-rohini-delhi-49447/reviews,Teaching quality overall is decent and gets better in higher semesters.,POSITIVE,0.8888
Shiksha,https://www.shiksha.com/college/bhagwan-parshuram-institute-of-technology-rohini-delhi-49447/reviews,"The course curriculum is mostly in line with the IP University syllabus, and while some subjects feel a bit outdated, most of it is relevant and covers important fundamentals.",NEUTRAL,0.0
Shiksha,https://www.shiksha.com/college/bhagwan-parshuram-institute-of-technology-rohini-delhi-49447/reviews,3Placements2Infrastructure4Faculty3Crowd & Campus Life3Value for Money,NEUTRAL,0.0
Shiksha,https://www.shiksha.com/college/bhagwan-parshuram-institute-of-technology-rohini-delhi-49447/reviews,The college has great faculty members and bad infrastructure.,NEGATIVE,-0.9109
Shiksha,https://www.shiksha.com/college/bhagwan-parshuram-institute-of-technology-rohini-delhi-49447/reviews,"Placements: In my course, around 25% of students get placed.",NEUTRAL,0.0
Shiksha,https://www.shiksha.com/college/bhagwan-parshuram-institute-of-technology-rohini-delhi-49447/reviews,The highest package offered this year is 35 LPA.,NEUTRAL,0.0
Shiksha,https://www.shiksha.com/college/bhagwan-parshuram-institute-of-technology-rohini-delhi-49447/reviews,"Companies like TCS, Wipro, Amazon, Juspay, Infosys, etc., visit the college to hire students for internships and jobs.",NEUTRAL,0.0
Shiksha,https://www.shiksha.com/college/bhagwan-parshuram-institute-of-technology-rohini-delhi-49447/reviews,"Top roles offered are software developer, data scientist, web developer, AI engineer, database administrator, and computer system analyst.",NEUTRAL,0.0
Shiksha,https://www.shiksha.com/college/bhagwan-parshuram-institute-of-technology-rohini-delhi-49447/reviews,Infrastructure: The whole campus is too small.,NEGATIVE,-0.8042
Shiksha,https://www.shiksha.com/college/bhagwan-parshuram-institute-of-technology-rohini-delhi-49447/reviews,There is no AC facility in classrooms.,NEGATIVE,-0.6437
Shiksha,https://www.shiksha.com/college/bhagwan-parshuram-institute-of-technology-rohini-delhi-49447/reviews,"The library is also small, but labs are good here.",POSITIVE,0.6353
Shiksha,https://www.shiksha.com/college/bhagwan-parshuram-institute-of-technology-rohini-delhi-49447/reviews,The quality of food in the canteen is decent.,POSITIVE,0.8443
Shiksha,https://www.shiksha.com/college/bhagwan-parshuram-institute-of-technology-rohini-delhi-49447/reviews,There is no boys' hostel on campus.,NEUTRAL,0.0
Shiksha,https://www.shiksha.com/college/bhagwan-parshuram-institute-of-technology-rohini-delhi-49447/reviews,"My college promotes sports, and we can get some credit by participating in sports competitions.",POSITIVE,0.8153
Shiksha,https://www.shiksha.com/college/bhagwan-parshuram-institute-of-technology-rohini-delhi-49447/reviews,They are very humble and polite here.,POSITIVE,0.8106
Shiksha,https://www.shiksha.com/college/bhagwan-parshuram-institute-of-technology-rohini-delhi-49447/reviews,Teachers have great knowledge of their subjects.,POSITIVE,0.8731
Shiksha,https://www.shiksha.com/college/bhagwan-parshuram-institute-of-technology-rohini-delhi-49447/reviews,"In 1st year, we will be taught a mixed syllabus, and after that, we will be taught about our specific course.",NEUTRAL,0.0
Shiksha,https://www.shiksha.com/college/bhagwan-parshuram-institute-of-technology-rohini-delhi-49447/reviews,The passing criteria are 40 out of 100.,NEUTRAL,0.0
Shiksha,https://www.shiksha.com/college/bhagwan-parshuram-institute-of-technology-rohini-delhi-49447/reviews,4Placements5Infrastructure4Faculty4Crowd & Campus Life4Value for Money,NEUTRAL,0.0
Shiksha,https://www.shiksha.com/college/bhagwan-parshuram-institute-of-technology-rohini-delhi-49447/reviews,Faculty is good and supportive.,POSITIVE,0.8896
Shiksha,https://www.shiksha.com/college/bhagwan-parshuram-institute-of-technology-rohini-delhi-49447/reviews,It provides good placements if we are well-prepared after college.,POSITIVE,0.7456
Shiksha,https://www.shiksha.com/college/bhagwan-parshuram-institute-of-technology-rohini-delhi-49447/reviews,"Placements: In my course, 45-55% of students get placed.",NEUTRAL,0.0
Shiksha,https://www.shiksha.com/college/bhagwan-parshuram-institute-of-technology-rohini-delhi-49447/reviews,"Overall, 60% of students get placed.",NEUTRAL,0.0
Shiksha,https://www.shiksha.com/college/bhagwan-parshuram-institute-of-technology-rohini-delhi-49447/reviews,"Top recruiting companies that visit our college are Zomato, ZS Associate, TCS, Wipro, and Juspay in the year 2025.",NEUTRAL,0.0
Shiksha,https://www.shiksha.com/college/bhagwan-parshuram-institute-of-technology-rohini-delhi-49447/reviews,"College is supportive of internships, and we have to prepare for internships on our own.",NEUTRAL,0.0
Shiksha,https://www.shiksha.com/college/bhagwan-parshuram-institute-of-technology-rohini-delhi-49447/reviews,"Infrastructure: The infrastructure is basically good, but the campus is not big.",NEUTRAL,0.0
Shiksha,https://www.shiksha.com/college/bhagwan-parshuram-institute-of-technology-rohini-delhi-49447/reviews,"It has grounds for games like cricket, football, basketball, and volleyball.",NEUTRAL,0.0
Shiksha,https://www.shiksha.com/college/bhagwan-parshuram-institute-of-technology-rohini-delhi-49447/reviews,High-speed Wi-Fi is available for students.,POSITIVE,0.4992
Shiksha,https://www.shiksha.com/college/bhagwan-parshuram-institute-of-technology-rohini-delhi-49447/reviews,There are several labs and washrooms inside and on each floor.,NEUTRAL,0.0
Shiksha,https://www.shiksha.com/college/bhagwan-parshuram-institute-of-technology-rohini-delhi-49447/reviews,Faculty: Teachers are well-qualified and supportive.,POSITIVE,0.8299
Shiksha,https://www.shiksha.com/college/bhagwan-parshuram-institute-of-technology-rohini-delhi-49447/reviews,"If we have any issues, we can directly go and discuss our problem with them, and they will help us.",NEUTRAL,0.0
Shiksha,https://www.shiksha.com/college/bhagwan-parshuram-institute-of-technology-rohini-delhi-49447/reviews,"If we get 40 out of 100 marks, then we will pass, and there will be no backlog.",NEUTRAL,0.0
Shiksha,https://www.shiksha.com/college/bhagwan-parshuram-institute-of-technology-rohini-delhi-49447/reviews,"If we get less than 40 marks, then we have to give the backlog paper next year.",NEUTRAL,0.0
Shiksha,https://www.shiksha.com/college/bhagwan-parshuram-institute-of-technology-rohini-delhi-49447/reviews,"Other: I chose ECE because it has a double field to get placed, one is core and the other is tech placements.",NEUTRAL,0.0
Shiksha,https://www.shiksha.com/college/bhagwan-parshuram-institute-of-technology-rohini-delhi-49447/reviews,4Placements3Infrastructure4Faculty4Crowd & Campus Life3Value for Money,NEUTRAL,0.0
Shiksha,https://www.shiksha.com/college/bhagwan-parshuram-institute-of-technology-rohini-delhi-49447/reviews,"Strong campus life, decent placements, and scope for academic improvement.",POSITIVE,0.8645
Shiksha,https://www.shiksha.com/college/bhagwan-parshuram-institute-of-technology-rohini-delhi-49447/reviews,Around 60 percent of students got placed this year.,NEUTRAL,0.0
Shiksha,https://www.shiksha.com/college/bhagwan-parshuram-institute-of-technology-rohini-delhi-49447/reviews,Highest salary package offered was 46 LPA and average salary packages were around 7 LPA.,NEUTRAL,0.0
Shiksha,https://www.shiksha.com/college/bhagwan-parshuram-institute-of-technology-rohini-delhi-49447/reviews,Companies like ZS Associate and Josh Technology offer placements and offer roles such as data analyst and business analyst.,NEUTRAL,0.0
Shiksha,https://www.shiksha.com/college/bhagwan-parshuram-institute-of-technology-rohini-delhi-49447/reviews,"If you are consistent with your academics and keep your skills short, you have a pretty good chance.",POSITIVE,0.7531
Shiksha,https://www.shiksha.com/college/bhagwan-parshuram-institute-of-technology-rohini-delhi-49447/reviews,"Internships are also a strong point, about 80 percent of students managed to get one.",POSITIVE,0.7784
Shiksha,https://www.shiksha.com/college/bhagwan-parshuram-institute-of-technology-rohini-delhi-49447/reviews,"Most of us get to work on real-world projects, which definitely helps us prepare better for placements.",POSITIVE,0.7595
Shiksha,https://www.shiksha.com/college/bhagwan-parshuram-institute-of-technology-rohini-delhi-49447/reviews,Computer labs are updated with required software and hardware for practical and project work.,NEUTRAL,0.0
Shiksha,https://www.shiksha.com/college/bhagwan-parshuram-institute-of-technology-rohini-delhi-49447/reviews,"Central library is a peaceful place to study and has a good collection of academic books, journals, and reference materials.",POSITIVE,0.8479
Shiksha,https://www.shiksha.com/college/bhagwan-parshuram-institute-of-technology-rohini-delhi-49447/reviews,"Course curriculum is mostly in line with the IP university syllabus, and while some subjects feel a bit outdated, most of it is relevant and covers important fundamentals.",NEUTRAL,0.0
Shiksha,https://www.shiksha.com/college/bhagwan-parshuram-institute-of-technology-rohini-delhi-49447/reviews,"Other: I chose this course because of my interest in coding, problem-solving, and wide scope of it in today's job market.",POSITIVE,0.5281
Shiksha,https://www.shiksha.com/college/bhagwan-parshuram-institute-of-technology-rohini-delhi-49447/reviews,"One of the best things about course is that it provides a solid foundation in programming, databases, networking, and other core areas that are essential in the tech industry.",POSITIVE,0.8678
Shiksha,https://www.shiksha.com/college/bhagwan-parshuram-institute-of-technology-rohini-delhi-49447/reviews,"Peer group is quite active, and there are plenty of opportunities to work on group projects and participate in hackathons or coding competitions.",POSITIVE,0.7624
Shiksha,https://www.shiksha.com/college/bhagwan-parshuram-institute-of-technology-rohini-delhi-49447/reviews,I wish curriculum were a bit more updated with recent technologies like AI and DevOps.,NEUTRAL,0.0
Shiksha,https://www.shiksha.com/college/bhagwan-parshuram-institute-of-technology-rohini-delhi-49447/reviews,3Placements3Infrastructure3Faculty3Crowd & Campus Life3Value for Money,NEUTRAL,0.0
Shiksha,https://www.shiksha.com/college/bhagwan-parshuram-institute-of-technology-rohini-delhi-49447/reviews,"My college life was good because of my friends, and my placement was average.",NEUTRAL,0.0
Shiksha,https://www.shiksha.com/college/bhagwan-parshuram-institute-of-technology-rohini-delhi-49447/reviews,"Placements: About 60 to 70% get placed, while the rest are placed off-campus, mainly with high packages.",NEUTRAL,0.0
Shiksha,https://www.shiksha.com/college/bhagwan-parshuram-institute-of-technology-rohini-delhi-49447/reviews,"The highest package is 24 LPA, the lowest is 3 LPA.",NEUTRAL,0.0
Shiksha,https://www.shiksha.com/college/bhagwan-parshuram-institute-of-technology-rohini-delhi-49447/reviews,"The average doesn’t seem accurate, as most students get placed in the 4 to 5 LPA range.",NEUTRAL,0.0
Shiksha,https://www.shiksha.com/college/bhagwan-parshuram-institute-of-technology-rohini-delhi-49447/reviews,"Top recruiters include Justpay, Zomato, and ION.",NEUTRAL,0.0
Shiksha,https://www.shiksha.com/college/bhagwan-parshuram-institute-of-technology-rohini-delhi-49447/reviews,About 30 to 40% of students get internships before placements.,NEUTRAL,0.0
Shiksha,https://www.shiksha.com/college/bhagwan-parshuram-institute-of-technology-rohini-delhi-49447/reviews,The top role offered is front-end development.,NEUTRAL,0.0
Shiksha,https://www.shiksha.com/college/bhagwan-parshuram-institute-of-technology-rohini-delhi-49447/reviews,Infrastructure: There was Wi-Fi only on the 4th floor.,NEUTRAL,0.0
Shiksha,https://www.shiksha.com/college/bhagwan-parshuram-institute-of-technology-rohini-delhi-49447/reviews,Classrooms are not air-conditioned.,NEGATIVE,-0.5123
Shiksha,https://www.shiksha.com/college/bhagwan-parshuram-institute-of-technology-rohini-delhi-49447/reviews,"The canteen offers low-quality, trash food; the worst are the samosas I've ever had.",NEGATIVE,-0.9483
Shiksha,https://www.shiksha.com/college/bhagwan-parshuram-institute-of-technology-rohini-delhi-49447/reviews,I don't know about medical facilities.,NEUTRAL,0.0
Shiksha,https://www.shiksha.com/college/bhagwan-parshuram-institute-of-technology-rohini-delhi-49447/reviews,Sports are decent; the ground isn’t very big but still good.,POSITIVE,0.8339
Shiksha,https://www.shiksha.com/college/bhagwan-parshuram-institute-of-technology-rohini-delhi-49447/reviews,"Classrooms are large, and the library is huge and air-conditioned.",POSITIVE,0.554
Shiksha,https://www.shiksha.com/college/bhagwan-parshuram-institute-of-technology-rohini-delhi-49447/reviews,"The course curriculum has been updated, and I think the new one is good.",POSITIVE,0.8902
Shiksha,https://www.shiksha.com/college/bhagwan-parshuram-institute-of-technology-rohini-delhi-49447/reviews,"You can also choose minor specializations in AI, Java development, IoT, and more.",NEUTRAL,0.0
Shiksha,https://www.shiksha.com/college/bhagwan-parshuram-institute-of-technology-rohini-delhi-49447/reviews,3Placements4Infrastructure4Faculty2Crowd & Campus Life3Value for Money,NEUTRAL,0.0
Shiksha,https://www.shiksha.com/college/bhagwan-parshuram-institute-of-technology-rohini-delhi-49447/reviews,My objective opinion of this college.,NEUTRAL,0.0
Shiksha,https://www.shiksha.com/college/bhagwan-parshuram-institute-of-technology-rohini-delhi-49447/reviews,Placements: Around 26% of the total students admitted in a year are placed in Electronics and Communication Engineering referred to as ECE.,NEUTRAL,0.0
Shiksha,https://www.shiksha.com/college/bhagwan-parshuram-institute-of-technology-rohini-delhi-49447/reviews,"The highest package in ECE goes up to 48 LPA, while the lowest is a Rs. 10,000 stipend per month.",NEUTRAL,0.0
Shiksha,https://www.shiksha.com/college/bhagwan-parshuram-institute-of-technology-rohini-delhi-49447/reviews,"The top recruiters are Zomato, Josh, etc.",NEUTRAL,0.0
Shiksha,https://www.shiksha.com/college/bhagwan-parshuram-institute-of-technology-rohini-delhi-49447/reviews,"Infrastructure: The college is small in size but has all the important facilities like computer labs, big classrooms.",NEUTRAL,0.0
Shiksha,https://www.shiksha.com/college/bhagwan-parshuram-institute-of-technology-rohini-delhi-49447/reviews,"The college also has a library and two canteens, one for all students and another exclusively for girls.",NEUTRAL,0.0
Shiksha,https://www.shiksha.com/college/bhagwan-parshuram-institute-of-technology-rohini-delhi-49447/reviews,Wi-Fi facility is available only for faculty.,NEUTRAL,0.0
Shiksha,https://www.shiksha.com/college/bhagwan-parshuram-institute-of-technology-rohini-delhi-49447/reviews,Sports equipment is available for use.,NEUTRAL,0.0
Shiksha,https://www.shiksha.com/college/bhagwan-parshuram-institute-of-technology-rohini-delhi-49447/reviews,The medical facility lacks seriousness and responsibility.,NEGATIVE,-0.9205
Shiksha,https://www.shiksha.com/college/bhagwan-parshuram-institute-of-technology-rohini-delhi-49447/reviews,A doctor visits the college twice a month and can help with mental health and related problems.,NEUTRAL,0.0
Shiksha,https://www.shiksha.com/college/bhagwan-parshuram-institute-of-technology-rohini-delhi-49447/reviews,The teaching quality is above average.,NEGATIVE,-0.5454
Shiksha,https://www.shiksha.com/college/bhagwan-parshuram-institute-of-technology-rohini-delhi-49447/reviews,"The course curriculum is not very relevant to the rapidly changing industry, and most students rely on self-study to ensure good placements.",NEGATIVE,-0.5304
Shiksha,https://www.shiksha.com/college/bhagwan-parshuram-institute-of-technology-rohini-delhi-49447/reviews,The curriculum does make students industry-ready but not highly in demand.,NEUTRAL,0.0
Shiksha,https://www.shiksha.com/college/bhagwan-parshuram-institute-of-technology-rohini-delhi-49447/reviews,"Other: The college is great, but most colleges in India don’t make someone highly demandable in the industry.",NEGATIVE,-0.5554
Shiksha,https://www.shiksha.com/college/bhagwan-parshuram-institute-of-technology-rohini-delhi-49447/reviews,The hostel here is only for girls.,NEUTRAL,0.0
Shiksha,https://www.shiksha.com/college/bhagwan-parshuram-institute-of-technology-rohini-delhi-49447/reviews,5Placements5Infrastructure5Faculty5Crowd & Campus Life5Value for Money,NEUTRAL,0.0
Shiksha,https://www.shiksha.com/college/bhagwan-parshuram-institute-of-technology-rohini-delhi-49447/reviews,I recommend you this college because this is a grade college of GGSIPU.,POSITIVE,0.7078
Shiksha,https://www.shiksha.com/college/bhagwan-parshuram-institute-of-technology-rohini-delhi-49447/reviews,Placements: Our college is also good in placement.,POSITIVE,0.7463
Shiksha,https://www.shiksha.com/college/bhagwan-parshuram-institute-of-technology-rohini-delhi-49447/reviews,The average package is 6.5 LPA and the highest package is 66 LPA.,NEUTRAL,0.0
Shiksha,https://www.shiksha.com/college/bhagwan-parshuram-institute-of-technology-rohini-delhi-49447/reviews,"Placements depend on your skill, and how much you are skilled, more skills mean more placements, focusing on skill not all on academics, overall good for placements.",NEUTRAL,0.0
Shiksha,https://www.shiksha.com/college/bhagwan-parshuram-institute-of-technology-rohini-delhi-49447/reviews,Infrastructure: The college is full of all facilities like air-conditioned rooms and cleanliness everywhere.,POSITIVE,0.5034
Shiksha,https://www.shiksha.com/college/bhagwan-parshuram-institute-of-technology-rohini-delhi-49447/reviews,Ground area is also good for playing.,POSITIVE,0.8581
Shiksha,https://www.shiksha.com/college/bhagwan-parshuram-institute-of-technology-rohini-delhi-49447/reviews,The girl's hostel is there and there is good privacy for girls.,POSITIVE,0.6648
Shiksha,https://www.shiksha.com/college/bhagwan-parshuram-institute-of-technology-rohini-delhi-49447/reviews,"The parking area is also good, the security of the college is good, it is and ragging-free.",POSITIVE,0.7866
Shiksha,https://www.shiksha.com/college/bhagwan-parshuram-institute-of-technology-rohini-delhi-49447/reviews,"Faculty: Teachers teach very well, are professional, and good.",POSITIVE,0.8685
Shiksha,https://www.shiksha.com/college/bhagwan-parshuram-institute-of-technology-rohini-delhi-49447/reviews,They are very cooperative with their students.,POSITIVE,0.8806
Shiksha,https://www.shiksha.com/college/bhagwan-parshuram-institute-of-technology-rohini-delhi-49447/reviews,Teachers are qualified and knowledgeable.,POSITIVE,0.7656
Shiksha,https://www.shiksha.com/college/bhagwan-parshuram-institute-of-technology-rohini-delhi-49447/reviews,Other: College conducts fests every month.,NEUTRAL,0.0
Shiksha,https://www.shiksha.com/college/bhagwan-parshuram-institute-of-technology-rohini-delhi-49447/reviews,3Placements4Infrastructure3Faculty4Crowd & Campus Life3Value for Money,NEUTRAL,0.0
Shiksha,https://www.shiksha.com/college/bhagwan-parshuram-institute-of-technology-rohini-delhi-49447/reviews,"Overall, it is a good college.",POSITIVE,0.9182
Shiksha,https://www.shiksha.com/college/bhagwan-parshuram-institute-of-technology-rohini-delhi-49447/reviews,"Placements: College is good as there is no attendance issue, so if a student gets enough time for them.",POSITIVE,0.495
Shiksha,https://www.shiksha.com/college/bhagwan-parshuram-institute-of-technology-rohini-delhi-49447/reviews,About 65% of students got placed and still accounting.,NEUTRAL,0.0
Shiksha,https://www.shiksha.com/college/bhagwan-parshuram-institute-of-technology-rohini-delhi-49447/reviews,Off-campus placements are more.,NEUTRAL,0.0
Shiksha,https://www.shiksha.com/college/bhagwan-parshuram-institute-of-technology-rohini-delhi-49447/reviews,Few students got placements on campus but with a low package.,NEGATIVE,-0.487
Shiksha,https://www.shiksha.com/college/bhagwan-parshuram-institute-of-technology-rohini-delhi-49447/reviews,No famous recruiting companies come to the college.,NEUTRAL,0.0
Shiksha,https://www.shiksha.com/college/bhagwan-parshuram-institute-of-technology-rohini-delhi-49447/reviews,But college provides a competitive environment.,POSITIVE,0.4838
Shiksha,https://www.shiksha.com/college/bhagwan-parshuram-institute-of-technology-rohini-delhi-49447/reviews,Infrastructure: The canteen is small in the college.,NEUTRAL,0.0
Shiksha,https://www.shiksha.com/college/bhagwan-parshuram-institute-of-technology-rohini-delhi-49447/reviews,Labs are not very equipped and labs are similar to school.,NEGATIVE,-0.6342
Shiksha,https://www.shiksha.com/college/bhagwan-parshuram-institute-of-technology-rohini-delhi-49447/reviews,The library is fully AC and there are a few computers in the library.,NEUTRAL,0.0
Shiksha,https://www.shiksha.com/college/bhagwan-parshuram-institute-of-technology-rohini-delhi-49447/reviews,The ground is not big for sports.,NEGATIVE,-0.6362
Shiksha,https://www.shiksha.com/college/bhagwan-parshuram-institute-of-technology-rohini-delhi-49447/reviews,"Faculty: Teachers are understanding, and there is no pressure.",POSITIVE,0.496
Shiksha,https://www.shiksha.com/college/bhagwan-parshuram-institute-of-technology-rohini-delhi-49447/reviews,The course curriculum is relevant as per the syllabus by the government of India UGC.,NEUTRAL,0.0
Shiksha,https://www.shiksha.com/college/bhagwan-parshuram-institute-of-technology-rohini-delhi-49447/reviews,The majority of students pass easily without much efforts.,NEGATIVE,-0.6531
Shiksha,https://www.shiksha.com/college/bhagwan-parshuram-institute-of-technology-rohini-delhi-49447/reviews,3Placements2Infrastructure3Faculty3Crowd & Campus Life3Value for Money,NEUTRAL,0.0
Shiksha,https://www.shiksha.com/college/bhagwan-parshuram-institute-of-technology-rohini-delhi-49447/reviews,"Placements are decent, but we have to prove ourselves in placements.",NEUTRAL,0.0
Shiksha,https://www.shiksha.com/college/bhagwan-parshuram-institute-of-technology-rohini-delhi-49447/reviews,Placements: Mostly CSE and ECE branch students prefer a software developer role.,NEUTRAL,0.0
Shiksha,https://www.shiksha.com/college/bhagwan-parshuram-institute-of-technology-rohini-delhi-49447/reviews,Many students got internships also but data is not disclosed.,NEUTRAL,0.0
Shiksha,https://www.shiksha.com/college/bhagwan-parshuram-institute-of-technology-rohini-delhi-49447/reviews,The highest package is 52 LPA and the lowest package is 3.5 LPA.,NEUTRAL,0.0
Shiksha,https://www.shiksha.com/college/bhagwan-parshuram-institute-of-technology-rohini-delhi-49447/reviews,The average package ranges from 5-7 LPA.,NEUTRAL,0.0
Shiksha,https://www.shiksha.com/college/bhagwan-parshuram-institute-of-technology-rohini-delhi-49447/reviews,The top recruiting companies are TCS and HCL.,NEUTRAL,0.0
Shiksha,https://www.shiksha.com/college/bhagwan-parshuram-institute-of-technology-rohini-delhi-49447/reviews,"Infrastructure: For my course, which is ECE, labs are decent, but the equipment in some of the labs is not in working condition.",NEGATIVE,-0.5339
Shiksha,https://www.shiksha.com/college/bhagwan-parshuram-institute-of-technology-rohini-delhi-49447/reviews,Classrooms are just basic and not so good.,NEGATIVE,-0.9393
Shiksha,https://www.shiksha.com/college/bhagwan-parshuram-institute-of-technology-rohini-delhi-49447/reviews,The infrastructure is good even.,POSITIVE,0.8131
Shiksha,https://www.shiksha.com/college/bhagwan-parshuram-institute-of-technology-rohini-delhi-49447/reviews,Faculty: Teachers are well-qualified and knowledgeable.,POSITIVE,0.7665
Shiksha,https://www.shiksha.com/college/bhagwan-parshuram-institute-of-technology-rohini-delhi-49447/reviews,But lab assistants are not so good.,NEGATIVE,-0.9346
Shiksha,https://www.shiksha.com/college/bhagwan-parshuram-institute-of-technology-rohini-delhi-49447/reviews,They also provide a PDF of some books helping in the theory section.,NEUTRAL,0.0
Shiksha,https://www.shiksha.com/college/bhagwan-parshuram-institute-of-technology-rohini-delhi-49447/reviews,Other: The fee that we pay for this college will be very low and the knowledge we get is good.,POSITIVE,0.7459
Shiksha,https://www.shiksha.com/college/bhagwan-parshuram-institute-of-technology-rohini-delhi-49447/reviews,So it is quite value for money.,NEUTRAL,0.0
Shiksha,https://www.shiksha.com/college/bhagwan-parshuram-institute-of-technology-rohini-delhi-49447/reviews,"Placements are decent, and we have to prove ourselves in placements.",POSITIVE,0.4945
Shiksha,https://www.shiksha.com/college/bhagwan-parshuram-institute-of-technology-rohini-delhi-49447/reviews,The crowd is also decent since it is located in Delhi.,POSITIVE,0.753
Shiksha,https://www.shiksha.com/college/bhagwan-parshuram-institute-of-technology-rohini-delhi-49447/reviews,4Placements2Infrastructure2Faculty3Crowd & Campus Life3Value for Money,NEUTRAL,0.0
Shiksha,https://www.shiksha.com/college/bhagwan-parshuram-institute-of-technology-rohini-delhi-49447/reviews,"Placements: Placement B.Tech CSE, there are much better placements than in other state colleges, which comes in 3rd number at the university.",POSITIVE,0.6176
Shiksha,https://www.shiksha.com/college/bhagwan-parshuram-institute-of-technology-rohini-delhi-49447/reviews,The special thing about this college is the branch upgradation after 1st semester. 70% of students got placed this year.,POSITIVE,0.7219
Shiksha,https://www.shiksha.com/college/bhagwan-parshuram-institute-of-technology-rohini-delhi-49447/reviews,The highest package on campus is 27 LPA.,NEUTRAL,0.0
Shiksha,https://www.shiksha.com/college/bhagwan-parshuram-institute-of-technology-rohini-delhi-49447/reviews,The highest package off-campus is 56 LPA.,NEUTRAL,0.0
Shiksha,https://www.shiksha.com/college/bhagwan-parshuram-institute-of-technology-rohini-delhi-49447/reviews,Infrastructure: There is no campus life.,NEUTRAL,0.0
Shiksha,https://www.shiksha.com/college/bhagwan-parshuram-institute-of-technology-rohini-delhi-49447/reviews,"There are only small canteens, and only a girls' hostel.",NEUTRAL,0.0
Shiksha,https://www.shiksha.com/college/bhagwan-parshuram-institute-of-technology-rohini-delhi-49447/reviews,The campus is built on only 5 acres.,NEUTRAL,0.0
Shiksha,https://www.shiksha.com/college/bhagwan-parshuram-institute-of-technology-rohini-delhi-49447/reviews,"It is not good for sports, but the societies are good.",POSITIVE,0.4944
Shiksha,https://www.shiksha.com/college/bhagwan-parshuram-institute-of-technology-rohini-delhi-49447/reviews,"There is only a single playground, and only one building for all departments.",NEUTRAL,0.0
Shiksha,https://www.shiksha.com/college/bhagwan-parshuram-institute-of-technology-rohini-delhi-49447/reviews,"Labs are common for all the branches, and the auditorium is very small.",NEUTRAL,0.0
Shiksha,https://www.shiksha.com/college/bhagwan-parshuram-institute-of-technology-rohini-delhi-49447/reviews,"Overall, it's below average for sports.",NEGATIVE,-0.9056
Shiksha,https://www.shiksha.com/college/bhagwan-parshuram-institute-of-technology-rohini-delhi-49447/reviews,"Faculty: Overall, below average for sports.",NEGATIVE,-0.7672
Shiksha,https://www.shiksha.com/college/bhagwan-parshuram-institute-of-technology-rohini-delhi-49447/reviews,"Not all teachers are well qualified and well knowledgeable based on the GGSIPU curriculum, with complete workshop practice, electrical science, environment studies, and applied chemistry are common subjects in the first year.",NEUTRAL,0.0
Shiksha,https://www.shiksha.com/college/bhagwan-parshuram-institute-of-technology-rohini-delhi-49447/reviews,They help us to learn about how to survive the overall good experience.,POSITIVE,0.5952
Shiksha,https://www.shiksha.com/college/bhagwan-parshuram-institute-of-technology-rohini-delhi-49447/reviews,3Placements3Infrastructure4Faculty3Crowd & Campus Life4Value for Money,NEUTRAL,0.0
Shiksha,https://www.shiksha.com/college/bhagwan-parshuram-institute-of-technology-rohini-delhi-49447/reviews,If you want to do B.Tech in lower amount and get a decent amount of placement.,NEUTRAL,0.0
Shiksha,https://www.shiksha.com/college/bhagwan-parshuram-institute-of-technology-rohini-delhi-49447/reviews,Placements: About 60 to 70% of students from the ECE department get placed every year.,NEUTRAL,0.0
Shiksha,https://www.shiksha.com/college/bhagwan-parshuram-institute-of-technology-rohini-delhi-49447/reviews,"The highest package offered is 65 LPA, and the lowest salary is 4 LPA.",NEUTRAL,0.0
Shiksha,https://www.shiksha.com/college/bhagwan-parshuram-institute-of-technology-rohini-delhi-49447/reviews,"Top recruiting companies are TCS, Google, Microsoft, Amazon, Zomato, etc.",NEUTRAL,0.0
Shiksha,https://www.shiksha.com/college/bhagwan-parshuram-institute-of-technology-rohini-delhi-49447/reviews,Some of the students can crack internships as the college provides them with some internships like paid or non-paid.,NEUTRAL,0.0
Shiksha,https://www.shiksha.com/college/bhagwan-parshuram-institute-of-technology-rohini-delhi-49447/reviews,"Top roles can be VLSI engineer, embedded systems engineer, software development engineer, etc.",NEUTRAL,0.0
Shiksha,https://www.shiksha.com/college/bhagwan-parshuram-institute-of-technology-rohini-delhi-49447/reviews,Infrastructure: Classes are well managed and clean as almost all the benches are good.,POSITIVE,0.7954
Shiksha,https://www.shiksha.com/college/bhagwan-parshuram-institute-of-technology-rohini-delhi-49447/reviews,There is a library also present at the college with Wi-Fi access.,NEUTRAL,0.0
Shiksha,https://www.shiksha.com/college/bhagwan-parshuram-institute-of-technology-rohini-delhi-49447/reviews,There is free Wi-Fi access at the college.,NEUTRAL,0.0
Shiksha,https://www.shiksha.com/college/bhagwan-parshuram-institute-of-technology-rohini-delhi-49447/reviews,"Also, the food quality of the mess is very good.",POSITIVE,0.7273
Shiksha,https://www.shiksha.com/college/bhagwan-parshuram-institute-of-technology-rohini-delhi-49447/reviews,There is no facility for boys hostel.,NEGATIVE,-0.6829
Shiksha,https://www.shiksha.com/college/bhagwan-parshuram-institute-of-technology-rohini-delhi-49447/reviews,Facilities for sports and games are also good.,POSITIVE,0.8242
Shiksha,https://www.shiksha.com/college/bhagwan-parshuram-institute-of-technology-rohini-delhi-49447/reviews,All teachers are qualified during M.Tech from various IIT and various colleges.,NEUTRAL,0.0
Shiksha,https://www.shiksha.com/college/bhagwan-parshuram-institute-of-technology-rohini-delhi-49447/reviews,The course curriculum is relevant to all the colleges in India.,NEUTRAL,0.0
Shiksha,https://www.shiksha.com/college/bhagwan-parshuram-institute-of-technology-rohini-delhi-49447/reviews,"It also makes students industry-ready by providing some particular activities, etc.",POSITIVE,0.5634
Shiksha,https://www.shiksha.com/college/bhagwan-parshuram-institute-of-technology-rohini-delhi-49447/reviews,The passing percentage is 40%.,NEUTRAL,0.0
Shiksha,https://www.shiksha.com/college/bhagwan-parshuram-institute-of-technology-rohini-delhi-49447/reviews,3Placements3Infrastructure2Faculty4Crowd & Campus Life3Value for Money,NEUTRAL,0.0
Shiksha,https://www.shiksha.com/college/bhagwan-parshuram-institute-of-technology-rohini-delhi-49447/reviews,Very mid college with average placements.,NEGATIVE,-0.8143
Shiksha,https://www.shiksha.com/college/bhagwan-parshuram-institute-of-technology-rohini-delhi-49447/reviews,Placements: Don't know the exact percentage of this year but I know one thing the average package is much less as given on the internet.,NEUTRAL,0.0
Shiksha,https://www.shiksha.com/college/bhagwan-parshuram-institute-of-technology-rohini-delhi-49447/reviews,All the highest packages were mostly off-campus.,NEUTRAL,0.0
Shiksha,https://www.shiksha.com/college/bhagwan-parshuram-institute-of-technology-rohini-delhi-49447/reviews,The top roles mostly offered are of software developed in my course.,NEUTRAL,0.0
Shiksha,https://www.shiksha.com/college/bhagwan-parshuram-institute-of-technology-rohini-delhi-49447/reviews,The average package is 9-10 LPA in our college but don't know the exact real % stage of students who got such offers.,NEUTRAL,0.0
Shiksha,https://www.shiksha.com/college/bhagwan-parshuram-institute-of-technology-rohini-delhi-49447/reviews,Infrastructure: The infrastructure for the course which I am pursuing which is B.Teach CSE is good.,POSITIVE,0.6902
Shiksha,https://www.shiksha.com/college/bhagwan-parshuram-institute-of-technology-rohini-delhi-49447/reviews,We have proper labs with Wi-Fi connections and computers but the size of the labs is very small.,NEGATIVE,-0.5177
Shiksha,https://www.shiksha.com/college/bhagwan-parshuram-institute-of-technology-rohini-delhi-49447/reviews,Classrooms don't have AC facilities even after charging such a high amount of money in the name of feels.,NEGATIVE,-0.8645
Shiksha,https://www.shiksha.com/college/bhagwan-parshuram-institute-of-technology-rohini-delhi-49447/reviews,Overall the college is not great.,NEGATIVE,-0.9445
Shiksha,https://www.shiksha.com/college/bhagwan-parshuram-institute-of-technology-rohini-delhi-49447/reviews,They all are qualified teachers and knowledgeable.,POSITIVE,0.7447
Shiksha,https://www.shiksha.com/college/bhagwan-parshuram-institute-of-technology-rohini-delhi-49447/reviews,Some are even masters in their respective subjects.,NEUTRAL,0.0
Shiksha,https://www.shiksha.com/college/bhagwan-parshuram-institute-of-technology-rohini-delhi-49447/reviews,The teaching quality is not up to the mark.,NEGATIVE,-0.8875
Shiksha,https://www.shiksha.com/college/bhagwan-parshuram-institute-of-technology-rohini-delhi-49447/reviews,Most of the teachers seem not interested in teaching and teach with very little effort or enthusiasm even in practical subjects.,NEGATIVE,-0.8351
Shiksha,https://www.shiksha.com/college/bhagwan-parshuram-institute-of-technology-rohini-delhi-49447/reviews,The curriculum is not relevant up to the mark of changing teach world.,NEGATIVE,-0.7529
Shiksha,https://www.shiksha.com/college/bhagwan-parshuram-institute-of-technology-rohini-delhi-49447/reviews,They have been teaching the same old curriculum for a long time and this is not making students industry-ready.,NEGATIVE,-0.8809
Shiksha,https://www.shiksha.com/college/bhagwan-parshuram-institute-of-technology-rohini-delhi-49447/reviews,5Placements4Infrastructure4Faculty4Crowd & Campus Life4Value for Money,NEUTRAL,0.0
Shiksha,https://www.shiksha.com/college/bhagwan-parshuram-institute-of-technology-rohini-delhi-49447/reviews,Placements: 92% of students get placed.,NEUTRAL,0.0
Shiksha,https://www.shiksha.com/college/bhagwan-parshuram-institute-of-technology-rohini-delhi-49447/reviews,"The highest package is 66 LPA, and the lowest package is 3.25 LPA.",NEUTRAL,0.0
Shiksha,https://www.shiksha.com/college/bhagwan-parshuram-institute-of-technology-rohini-delhi-49447/reviews,The average package of our college ranges from 7-8 LPA.,NEUTRAL,0.0
Shiksha,https://www.shiksha.com/college/bhagwan-parshuram-institute-of-technology-rohini-delhi-49447/reviews,"Many companies visit the college to provide internships like Juspay, TCS, Amazon, Zomato, Flipkart, Swiggy, etc.",NEUTRAL,0.0
Shiksha,https://www.shiksha.com/college/bhagwan-parshuram-institute-of-technology-rohini-delhi-49447/reviews,Infrastructure: The institute hostel is best for girls because only girls' hostels are available.,POSITIVE,0.6094
Shiksha,https://www.shiksha.com/college/bhagwan-parshuram-institute-of-technology-rohini-delhi-49447/reviews,"For boys, there are many PGs near the college.",NEUTRAL,0.0
Shiksha,https://www.shiksha.com/college/bhagwan-parshuram-institute-of-technology-rohini-delhi-49447/reviews,"Sports facilities are available like basketball, volleyball and cricket.",NEUTRAL,0.0
Shiksha,https://www.shiksha.com/college/bhagwan-parshuram-institute-of-technology-rohini-delhi-49447/reviews,Wi-Fi facility is also available in the college.,NEUTRAL,0.0
Shiksha,https://www.shiksha.com/college/bhagwan-parshuram-institute-of-technology-rohini-delhi-49447/reviews,Faculty: The course curriculum of our college is good.,POSITIVE,0.8976
Shiksha,https://www.shiksha.com/college/bhagwan-parshuram-institute-of-technology-rohini-delhi-49447/reviews,Faculty members are very good and supportive.,POSITIVE,0.9002
Shiksha,https://www.shiksha.com/college/bhagwan-parshuram-institute-of-technology-rohini-delhi-49447/reviews,"The course curriculum is relevant, and it makes students industry-ready.",POSITIVE,0.7791
Shiksha,https://www.shiksha.com/college/bhagwan-parshuram-institute-of-technology-rohini-delhi-49447/reviews,The teaching quality is excellent.,POSITIVE,0.8821
Shiksha,https://www.shiksha.com/college/bhagwan-parshuram-institute-of-technology-rohini-delhi-49447/reviews,The pass percentage is not much high and it is only 40%.,NEUTRAL,0.0
Shiksha,https://www.shiksha.com/college/bhagwan-parshuram-institute-of-technology-rohini-delhi-49447/reviews,Other: It is one of the best colleges of IPU.,POSITIVE,0.8829
Shiksha,https://www.shiksha.com/college/bhagwan-parshuram-institute-of-technology-rohini-delhi-49447/reviews,3Placements3Infrastructure3Faculty3Crowd & Campus Life4Value for Money,NEUTRAL,0.0
Shiksha,https://www.shiksha.com/college/bhagwan-parshuram-institute-of-technology-rohini-delhi-49447/reviews,The infrastructure is good and decent.,POSITIVE,0.8712
Shiksha,https://www.shiksha.com/college/bhagwan-parshuram-institute-of-technology-rohini-delhi-49447/reviews,"Computer science, information technology, and ECE are top courses at Bhagwan Parshuram Institute of Technology.",POSITIVE,0.4674
Shiksha,https://www.shiksha.com/college/bhagwan-parshuram-institute-of-technology-rohini-delhi-49447/reviews,"TCS, Airtel, and many other companies hire students.",NEUTRAL,0.0
Shiksha,https://www.shiksha.com/college/bhagwan-parshuram-institute-of-technology-rohini-delhi-49447/reviews,The atmosphere is also good in this college.,POSITIVE,0.8837
Shiksha,https://www.shiksha.com/college/bhagwan-parshuram-institute-of-technology-rohini-delhi-49447/reviews,Infrastructure: Facilities are pretty decent in Bhagwan Parshuram Institute of Technology.,POSITIVE,0.6289
Shiksha,https://www.shiksha.com/college/bhagwan-parshuram-institute-of-technology-rohini-delhi-49447/reviews,The infrastructure of labs is good.,POSITIVE,0.8639
Shiksha,https://www.shiksha.com/college/bhagwan-parshuram-institute-of-technology-rohini-delhi-49447/reviews,There are multiple labs like EVS lab and many computer labs.,NEUTRAL,0.0
Shiksha,https://www.shiksha.com/college/bhagwan-parshuram-institute-of-technology-rohini-delhi-49447/reviews,Air-conditioners are also present in all labs.,NEUTRAL,0.0
Shiksha,https://www.shiksha.com/college/bhagwan-parshuram-institute-of-technology-rohini-delhi-49447/reviews,"Overall, facilities are decent and average.",POSITIVE,0.7014
Shiksha,https://www.shiksha.com/college/bhagwan-parshuram-institute-of-technology-rohini-delhi-49447/reviews,Faculty: Teachers are knowledgeable and qualified.,POSITIVE,0.7946
Shiksha,https://www.shiksha.com/college/bhagwan-parshuram-institute-of-technology-rohini-delhi-49447/reviews,All of them are alumni of prestigious institutions like NITs.,NEUTRAL,0.0
Shiksha,https://www.shiksha.com/college/bhagwan-parshuram-institute-of-technology-rohini-delhi-49447/reviews,The course curriculum is exactly what we need to get job opportunities in the IT industry.,NEUTRAL,0.0
Shiksha,https://www.shiksha.com/college/bhagwan-parshuram-institute-of-technology-rohini-delhi-49447/reviews,"Other: The batch is all good and not that much crowded, so it is a good point.",POSITIVE,0.6653
Shiksha,https://www.shiksha.com/college/bhagwan-parshuram-institute-of-technology-rohini-delhi-49447/reviews,College life is not that good and not many events occur here.,NEGATIVE,-0.8158
Shiksha,https://www.shiksha.com/college/bhagwan-parshuram-institute-of-technology-rohini-delhi-49447/reviews,4Placements3Infrastructure5Faculty2Crowd & Campus Life4Value for Money,NEUTRAL,0.0
Shiksha,https://www.shiksha.com/college/bhagwan-parshuram-institute-of-technology-rohini-delhi-49447/reviews,Nice college under 1 lakh rank for outside in CSE branch.,POSITIVE,0.6681
Shiksha,https://www.shiksha.com/college/bhagwan-parshuram-institute-of-technology-rohini-delhi-49447/reviews,"Placements: In B.Tech CSE, there is much better placement than in other state colleges, which comes at 3rd number in the university.",POSITIVE,0.6638
Shiksha,https://www.shiksha.com/college/bhagwan-parshuram-institute-of-technology-rohini-delhi-49447/reviews,"The highest package on campus is 27 LPA, and the highest package off campus is 56 LPA.",NEUTRAL,0.0
Shiksha,https://www.shiksha.com/college/bhagwan-parshuram-institute-of-technology-rohini-delhi-49447/reviews,"The labs are common for all the branches, and the auditorium is very small.",NEUTRAL,0.0
Shiksha,https://www.shiksha.com/college/bhagwan-parshuram-institute-of-technology-rohini-delhi-49447/reviews,"All teachers are well qualified and well knowledgeable based on the GGSIPU curriculum, with complete workshop practice, electrical science, environment studies, and applied chemistry are common subjects in the first year.",NEUTRAL,0.0
Shiksha,https://www.shiksha.com/college/bhagwan-parshuram-institute-of-technology-rohini-delhi-49447/reviews,"I'm absolutely dissatisfied with the infrastructure & placement, but really good because of faculty.",NEGATIVE,-0.6637
Shiksha,https://www.shiksha.com/college/bhagwan-parshuram-institute-of-technology-rohini-delhi-49447/reviews,"Placements: At Bhagwan Parshuram Institute of Technology (BPIT), more than 70% of students from the CSE branch got placement.",NEUTRAL,0.0
Shiksha,https://www.shiksha.com/college/bhagwan-parshuram-institute-of-technology-rohini-delhi-49447/reviews,"Last year, the highest package offered to students of CSE was about 27 LPA, and the lowest package offered was about 5 LPA.",NEUTRAL,0.0
Shiksha,https://www.shiksha.com/college/bhagwan-parshuram-institute-of-technology-rohini-delhi-49447/reviews,"Top recruiting companies are Amazon, PhonePay, etc.",NEUTRAL,0.0
Shiksha,https://www.shiksha.com/college/bhagwan-parshuram-institute-of-technology-rohini-delhi-49447/reviews,"But the internship is not provided by the college, we have to do it off campus and have to show up at the time of placement.",NEUTRAL,0.0
Shiksha,https://www.shiksha.com/college/bhagwan-parshuram-institute-of-technology-rohini-delhi-49447/reviews,Infrastructure: The infrastructure provided by BPIT is not very good.,NEGATIVE,-0.9282
Shiksha,https://www.shiksha.com/college/bhagwan-parshuram-institute-of-technology-rohini-delhi-49447/reviews,"Labs are good, but there are many problems with air conditioning in classrooms.",NEGATIVE,-0.8233
Shiksha,https://www.shiksha.com/college/bhagwan-parshuram-institute-of-technology-rohini-delhi-49447/reviews,"There is no air conditioning in classrooms, and much noise in the library.",NEGATIVE,-0.6682
Shiksha,https://www.shiksha.com/college/bhagwan-parshuram-institute-of-technology-rohini-delhi-49447/reviews,"I am not a hostel student, so I have no idea about a hostel.",NEUTRAL,0.0
Shiksha,https://www.shiksha.com/college/bhagwan-parshuram-institute-of-technology-rohini-delhi-49447/reviews,"They have good behavior with students, they support them too much, and provide all the relevant material.",POSITIVE,0.7657
Shiksha,https://www.shiksha.com/college/bhagwan-parshuram-institute-of-technology-rohini-delhi-49447/reviews,"They are too qualified and knowledgeable, and their teaching quality is very good.",POSITIVE,0.8232
Shiksha,https://www.shiksha.com/college/bhagwan-parshuram-institute-of-technology-rohini-delhi-49447/reviews,Other: I chose the CSE branch because it had much scope at that time.,NEUTRAL,0.0
Shiksha,https://www.shiksha.com/college/bhagwan-parshuram-institute-of-technology-rohini-delhi-49447/reviews,Events and fests are not that good in BPIT.,NEGATIVE,-0.8828
Shiksha,https://www.shiksha.com/college/bhagwan-parshuram-institute-of-technology-rohini-delhi-49447/reviews,3Placements3Infrastructure4Faculty4Crowd & Campus Life4Value for Money,NEUTRAL,0.0
Shiksha,https://www.shiksha.com/college/bhagwan-parshuram-institute-of-technology-rohini-delhi-49447/reviews,College is good as there is no attendance issue so if a student get enough time for them.,POSITIVE,0.4762
Shiksha,https://www.shiksha.com/college/bhagwan-parshuram-institute-of-technology-rohini-delhi-49447/reviews,Placements: About 53% got placed and still counting.,NEUTRAL,0.0
Shiksha,https://www.shiksha.com/college/bhagwan-parshuram-institute-of-technology-rohini-delhi-49447/reviews,Few students got on campus but at low package.,NEGATIVE,-0.7083
Shiksha,https://www.shiksha.com/college/bhagwan-parshuram-institute-of-technology-rohini-delhi-49447/reviews,The average package is about 4 LPA.,NEUTRAL,0.0
Shiksha,https://www.shiksha.com/college/bhagwan-parshuram-institute-of-technology-rohini-delhi-49447/reviews,No famous recruiting companies come to college.,NEUTRAL,0.0
Shiksha,https://www.shiksha.com/college/bhagwan-parshuram-institute-of-technology-rohini-delhi-49447/reviews,But college provide competitive environment.,POSITIVE,0.5104
Shiksha,https://www.shiksha.com/college/bhagwan-parshuram-institute-of-technology-rohini-delhi-49447/reviews,Infrastructure: Canteen is small in college.,NEUTRAL,0.0
Shiksha,https://www.shiksha.com/college/bhagwan-parshuram-institute-of-technology-rohini-delhi-49447/reviews,"Library is fully AC, there are a few computers also present in library.",NEUTRAL,0.0
Shiksha,https://www.shiksha.com/college/bhagwan-parshuram-institute-of-technology-rohini-delhi-49447/reviews,"Faculty: Teachers are understanding, no pressure.",POSITIVE,0.6469
Shiksha,https://www.shiksha.com/college/bhagwan-parshuram-institute-of-technology-rohini-delhi-49447/reviews,Course curriculum is relevant as per the syllabus by the government of India UGC.,NEUTRAL,0.0
Shiksha,https://www.shiksha.com/college/bhagwan-parshuram-institute-of-technology-rohini-delhi-49447/reviews,The majority of students passed easily without much effort.,NEUTRAL,0.0
Shiksha,https://www.shiksha.com/college/bhagwan-parshuram-institute-of-technology-rohini-delhi-49447/reviews,See what students say about other colleges,NEUTRAL,0.0
Shiksha,https://www.shiksha.com/college/bhagwan-parshuram-institute-of-technology-rohini-delhi-49447/reviews,What student says about BPIT Delhi,NEUTRAL,0.0
Shiksha,https://www.shiksha.com/college/bhagwan-parshuram-institute-of-technology-rohini-delhi-49447/reviews,"The top recruiting companies are Microsoft, IBM, Infosys, Wipro, Zomato, Amazon, Accenture, ZS, Adobe, etc.",NEUTRAL,0.0
Shiksha,https://www.shiksha.com/college/bhagwan-parshuram-institute-of-technology-rohini-delhi-49447/reviews,"If you are good at coding, you can bag a job, But for electrical and electronics students, there are no major companies.",NEUTRAL,0.0
Shiksha,https://www.shiksha.com/college/bhagwan-parshuram-institute-of-technology-rohini-delhi-49447/reviews,"These insights are automatically extracted from student reviews, without any manual intervention",NEUTRAL,0.0
Shiksha,https://www.shiksha.com/college/bhagwan-parshuram-institute-of-technology-rohini-delhi-49447/reviews,BPIT Delhi    College experience,NEUTRAL,0.0
Shiksha,https://www.shiksha.com/college/bhagwan-parshuram-institute-of-technology-rohini-delhi-49447/reviews,Internships and industry projects,NEUTRAL,0.0
Shiksha,https://www.shiksha.com/college/bhagwan-parshuram-institute-of-technology-rohini-delhi-49447/reviews,Offered in the final year only,NEUTRAL,0.0
Shiksha,https://www.shiksha.com/college/bhagwan-parshuram-institute-of-technology-rohini-delhi-49447/reviews,Organized & proactive placement process,NEUTRAL,0.0
Shiksha,https://www.shiksha.com/college/bhagwan-parshuram-institute-of-technology-rohini-delhi-49447/reviews,Strong alumni network that help with placement opportunities,POSITIVE,0.8199
Shiksha,https://www.shiksha.com/college/bhagwan-parshuram-institute-of-technology-rohini-delhi-49447/reviews,Active but run mostly by students,NEUTRAL,0.0
Shiksha,https://www.shiksha.com/college/bhagwan-parshuram-institute-of-technology-rohini-delhi-49447/reviews,Loved in first year but not in later years,POSITIVE,0.5319
Shiksha,https://www.shiksha.com/college/bhagwan-parshuram-institute-of-technology-rohini-delhi-49447/reviews,Are you a student or an alumni of this college?,NEUTRAL,0.0
Shiksha,https://www.shiksha.com/college/bhagwan-parshuram-institute-of-technology-rohini-delhi-49447/reviews,Share your honest college experience and earn cash rewards!,POSITIVE,0.5133
Shiksha,https://www.shiksha.com/college/bhagwan-parshuram-institute-of-technology-rohini-delhi-49447/reviews,BPIT Delhi    Take a look at Campus,NEUTRAL,0.0
Shiksha,https://www.shiksha.com/college/bhagwan-parshuram-institute-of-technology-rohini-delhi-49447/reviews,"Bhagwan Parshuram Institute of Technology, Delhi- College Review by the Students - YouTube",NEUTRAL,0.0
Shiksha,https://www.shiksha.com/college/bhagwan-parshuram-institute-of-technology-rohini-delhi-49447/reviews,Bhagwan Parshuram Institute Of Technology \[BPIT\] \| CAMPUS TOUR - YouTube,NEUTRAL,0.0
Shiksha,https://www.shiksha.com/college/bhagwan-parshuram-institute-of-technology-rohini-delhi-49447/reviews,BPIT Delhi    Contact Information,NEUTRAL,0.0
Shiksha,https://www.shiksha.com/college/bhagwan-parshuram-institute-of-technology-rohini-delhi-49447/reviews,Explore Reviews at similar colleges,NEUTRAL,0.0
Shiksha,https://www.shiksha.com/college/bhagwan-parshuram-institute-of-technology-rohini-delhi-49447/reviews,Trending Programs at BPIT Delhi,NEUTRAL,0.0
Shiksha,https://www.shiksha.com/college/bhagwan-parshuram-institute-of-technology-rohini-delhi-49447/reviews,Trending Specializations at BPIT Delhi,NEUTRAL,0.0
Shiksha,https://www.shiksha.com/college/bhagwan-parshuram-institute-of-technology-rohini-delhi-49447/reviews,"Get App, Its faster and better",POSITIVE,0.6009
Shiksha,https://www.shiksha.com/college/bhagwan-parshuram-institute-of-technology-rohini-delhi-49447/reviews,"[Advertising/Sales Enquiries](mailto:sales@shiksha.com ""Advertising/Sales Enquiries"")",NEUTRAL,0.0
Shiksha,https://www.shiksha.com/college/bhagwan-parshuram-institute-of-technology-rohini-delhi-49447/reviews,Trade Marks belong to the respective owners.,NEUTRAL,0.0
Careers360,https://www.careers360.com/colleges/bhagwan-parshuram-institute-of-technology-delhi/reviews,"BPIT Delhi Reviews on Infrastructure, Campus, Placement, Facilities & Faculty",NEUTRAL,0.0
Careers360,https://www.careers360.com/colleges/bhagwan-parshuram-institute-of-technology-delhi/reviews,Electrical and Electronics Engineering,NEUTRAL,0.0
Careers360,https://www.careers360.com/colleges/bhagwan-parshuram-institute-of-technology-delhi/reviews,Electronics and Communication Engineering,NEUTRAL,0.0
Careers360,https://www.careers360.com/colleges/bhagwan-parshuram-institute-of-technology-delhi/reviews,Data Science with Artificial Intelligence,NEUTRAL,0.0
Careers360,https://www.careers360.com/colleges/bhagwan-parshuram-institute-of-technology-delhi/reviews,Among top 100 Universities Globally in the Times Higher Education (THE) Interdisciplinary Science Rankings 2026,NEUTRAL,0.0
Careers360,https://www.careers360.com/colleges/bhagwan-parshuram-institute-of-technology-delhi/reviews,"Last Date to Apply: 29th April \| Ranked 43 among Engineering colleges in India by NIRF \| Highest Package 1.3 CR , 100% Placements",NEUTRAL,0.0
Careers360,https://www.careers360.com/colleges/bhagwan-parshuram-institute-of-technology-delhi/reviews,Last Date to Apply: 26th April \| NAAC A++ Accredited \| NIRF Rank 3,NEUTRAL,0.0
Careers360,https://www.careers360.com/colleges/bhagwan-parshuram-institute-of-technology-delhi/reviews,India's youngest NAAC A++ accredited University \| NIRF rank band 151-200 \| 2200 Recruiters \| 45.98 Lakhs Highest Package,NEUTRAL,0.0
Careers360,https://www.careers360.com/colleges/bhagwan-parshuram-institute-of-technology-delhi/reviews,AllInfrastructureAcademicsPlacementsValue for moneyCampus life,NEUTRAL,0.0
Careers360,https://www.careers360.com/colleges/bhagwan-parshuram-institute-of-technology-delhi/reviews,this is not a bad college afterall.Guidance is great,POSITIVE,0.788
Careers360,https://www.careers360.com/colleges/bhagwan-parshuram-institute-of-technology-delhi/reviews,Posted on 24 Jul'25 byAnonymous,NEUTRAL,0.0
Careers360,https://www.careers360.com/colleges/bhagwan-parshuram-institute-of-technology-delhi/reviews,This user chose to post anonymously,NEGATIVE,-0.475
Careers360,https://www.careers360.com/colleges/bhagwan-parshuram-institute-of-technology-delhi/reviews,"The infrastructure, facilities and equipment are good and most of the faculty is supportive.",POSITIVE,0.8511
Careers360,https://www.careers360.com/colleges/bhagwan-parshuram-institute-of-technology-delhi/reviews,The college is hygienic and the furniture is well maintained.wifi is there in the campus but it doesn't work as such.,NEUTRAL,0.0
Careers360,https://www.careers360.com/colleges/bhagwan-parshuram-institute-of-technology-delhi/reviews,Academics wise the faculty is very supportive and the quality of teaching is not lazy.,POSITIVE,0.6003
Careers360,https://www.careers360.com/colleges/bhagwan-parshuram-institute-of-technology-delhi/reviews,BPIT follows the IP curriculum which is not very recent or make you job ready for the current times.,NEUTRAL,0.0
Careers360,https://www.careers360.com/colleges/bhagwan-parshuram-institute-of-technology-delhi/reviews,The curriculum is not much updated to get a great placement.,NEGATIVE,-0.6235
Careers360,https://www.careers360.com/colleges/bhagwan-parshuram-institute-of-technology-delhi/reviews,"As compared to most of the IP affiliated colleges, the in campus placement records are above average.",NEUTRAL,0.0
Careers360,https://www.careers360.com/colleges/bhagwan-parshuram-institute-of-technology-delhi/reviews,Very low percentage of students are placed.,NEGATIVE,-0.5611
Careers360,https://www.careers360.com/colleges/bhagwan-parshuram-institute-of-technology-delhi/reviews,B.Tech. for all the branches costs approximately Rs. 1.75 lakh per year,NEUTRAL,0.0
Careers360,https://www.careers360.com/colleges/bhagwan-parshuram-institute-of-technology-delhi/reviews,The campus is very very small.,NEGATIVE,-0.8519
Careers360,https://www.careers360.com/colleges/bhagwan-parshuram-institute-of-technology-delhi/reviews,"There is not much to explore or have any ""campus life"" as such",NEUTRAL,0.0
Careers360,https://www.careers360.com/colleges/bhagwan-parshuram-institute-of-technology-delhi/reviews,"If your rank is very bad and can't afford then, go for it",NEGATIVE,-0.8376
Careers360,https://www.careers360.com/colleges/bhagwan-parshuram-institute-of-technology-delhi/reviews,BPIT's infrastructure is average don't expect much.,NEGATIVE,-0.8427
Careers360,https://www.careers360.com/colleges/bhagwan-parshuram-institute-of-technology-delhi/reviews,"Though efforts are made to maintain it, it's just okay.",NEUTRAL,0.0
Careers360,https://www.careers360.com/colleges/bhagwan-parshuram-institute-of-technology-delhi/reviews,"Programming labs have decent computers, but desks, walls, and overall upkeep need serious improvement.",NEUTRAL,0.0
Careers360,https://www.careers360.com/colleges/bhagwan-parshuram-institute-of-technology-delhi/reviews,Academics at BPIT are a mixed bag and it depends which teacher you are getting.,NEUTRAL,0.0
Careers360,https://www.careers360.com/colleges/bhagwan-parshuram-institute-of-technology-delhi/reviews,"Some teachers are well-qualified and genuinely good, while others are honestly terrible at teaching.",NEGATIVE,-0.8331
Careers360,https://www.careers360.com/colleges/bhagwan-parshuram-institute-of-technology-delhi/reviews,"To be fair, it all depends on which teacher you get.",NEUTRAL,0.0
Careers360,https://www.careers360.com/colleges/bhagwan-parshuram-institute-of-technology-delhi/reviews,"BPIT claims 12 LPA placements, but that includes off-campus offers.",NEUTRAL,0.0
Careers360,https://www.careers360.com/colleges/bhagwan-parshuram-institute-of-technology-delhi/reviews,Mostly average companies and mass recruiters like TCS visit.,NEUTRAL,0.0
Careers360,https://www.careers360.com/colleges/bhagwan-parshuram-institute-of-technology-delhi/reviews,Only cse students get placements here.,NEGATIVE,-0.5168
Careers360,https://www.careers360.com/colleges/bhagwan-parshuram-institute-of-technology-delhi/reviews,Other branches don't expect much.,NEGATIVE,-0.4961
Careers360,https://www.careers360.com/colleges/bhagwan-parshuram-institute-of-technology-delhi/reviews,"BPIT’s 4-year fee is around 8–10L, which is cheap for an engineering degree.",NEUTRAL,0.0
Careers360,https://www.careers360.com/colleges/bhagwan-parshuram-institute-of-technology-delhi/reviews,"But with weak placements, it’s only worth it if you’re self-driven and can manage studies and placement on your own. if you can't spend much it is good college with government degree.",NEUTRAL,0.0
Careers360,https://www.careers360.com/colleges/bhagwan-parshuram-institute-of-technology-delhi/reviews,"Campus life at BPIT is decent—fests, societies, freshers, and farewells happen.",POSITIVE,0.8534
Careers360,https://www.careers360.com/colleges/bhagwan-parshuram-institute-of-technology-delhi/reviews,"It’s not top-tier fun, but for a tier-3 college with low fees, it’s fine if you’re okay with above-average vibes.",POSITIVE,0.5557
Careers360,https://www.careers360.com/colleges/bhagwan-parshuram-institute-of-technology-delhi/reviews,"Many societies are active and many workshops , events happen too not good as DTU, NSUT, IITs though.",NEGATIVE,-0.7009
Careers360,https://www.careers360.com/colleges/bhagwan-parshuram-institute-of-technology-delhi/reviews,BPIT offers affordable engineering education with average infrastructure and mixed teaching quality.,NEUTRAL,0.0
Careers360,https://www.careers360.com/colleges/bhagwan-parshuram-institute-of-technology-delhi/reviews,"Placements are weak despite high claims, mostly involving mass recruiters.",NEGATIVE,-0.8345
Careers360,https://www.careers360.com/colleges/bhagwan-parshuram-institute-of-technology-delhi/reviews,Campus life is decent but not vibrant.,NEGATIVE,-0.6486
Careers360,https://www.careers360.com/colleges/bhagwan-parshuram-institute-of-technology-delhi/reviews,It’s suitable only for self-driven students who can manage studies and jobs on their own.,POSITIVE,0.476
Careers360,https://www.careers360.com/colleges/bhagwan-parshuram-institute-of-technology-delhi/reviews,Don’t expect premium college standards here.,NEGATIVE,-0.7967
Careers360,https://www.careers360.com/colleges/bhagwan-parshuram-institute-of-technology-delhi/reviews,Effective learning with values helped me a lot,POSITIVE,0.7989
Careers360,https://www.careers360.com/colleges/bhagwan-parshuram-institute-of-technology-delhi/reviews,Good infrastructure and facilities were there at my college.,POSITIVE,0.8596
Careers360,https://www.careers360.com/colleges/bhagwan-parshuram-institute-of-technology-delhi/reviews,The classrooms were fine and the labs were good.,POSITIVE,0.868
Careers360,https://www.careers360.com/colleges/bhagwan-parshuram-institute-of-technology-delhi/reviews,The hostels for girls only were there.,NEUTRAL,0.0
Careers360,https://www.careers360.com/colleges/bhagwan-parshuram-institute-of-technology-delhi/reviews,All the things were maintained.,NEUTRAL,0.0
Careers360,https://www.careers360.com/colleges/bhagwan-parshuram-institute-of-technology-delhi/reviews,I studied Electronics and Electrical Engineering.,NEUTRAL,0.0
Careers360,https://www.careers360.com/colleges/bhagwan-parshuram-institute-of-technology-delhi/reviews,The course was good and updated.,POSITIVE,0.8467
Careers360,https://www.careers360.com/colleges/bhagwan-parshuram-institute-of-technology-delhi/reviews,It included all the recent developments in the field.,NEUTRAL,0.0
Careers360,https://www.careers360.com/colleges/bhagwan-parshuram-institute-of-technology-delhi/reviews,The quality of teaching was good and I went for that as I was passionate towards the technology and its functioning in the society.,POSITIVE,0.8269
Careers360,https://www.careers360.com/colleges/bhagwan-parshuram-institute-of-technology-delhi/reviews,The placements at my college were genuine and up to the mark.,POSITIVE,0.8443
Careers360,https://www.careers360.com/colleges/bhagwan-parshuram-institute-of-technology-delhi/reviews,The average was around 6-7 lacs and the highest was around 25 lacs.,NEUTRAL,0.0
Careers360,https://www.careers360.com/colleges/bhagwan-parshuram-institute-of-technology-delhi/reviews,More than 80% of the students got placed there.,NEUTRAL,0.0
Careers360,https://www.careers360.com/colleges/bhagwan-parshuram-institute-of-technology-delhi/reviews,The college was supportive and caring.,POSITIVE,0.8427
Careers360,https://www.careers360.com/colleges/bhagwan-parshuram-institute-of-technology-delhi/reviews,The placement process was transparent.,NEUTRAL,0.0
Careers360,https://www.careers360.com/colleges/bhagwan-parshuram-institute-of-technology-delhi/reviews,The college was a value for money as I paid a fee of 1.20 lacs per year and what I got was worth more than that and it is helping me still today.,POSITIVE,0.779
Careers360,https://www.careers360.com/colleges/bhagwan-parshuram-institute-of-technology-delhi/reviews,The students were enthusiastic and the teachers were caring.,POSITIVE,0.802
Careers360,https://www.careers360.com/colleges/bhagwan-parshuram-institute-of-technology-delhi/reviews,The location of the college was safe and it could handle emergencies.,POSITIVE,0.4668
Careers360,https://www.careers360.com/colleges/bhagwan-parshuram-institute-of-technology-delhi/reviews,I got the knowledge of Electronics and Electrical Engineering efficiently,POSITIVE,0.6321
Careers360,https://www.careers360.com/colleges/bhagwan-parshuram-institute-of-technology-delhi/reviews,Its a A grade college by GGSIPU,NEUTRAL,0.0
Careers360,https://www.careers360.com/colleges/bhagwan-parshuram-institute-of-technology-delhi/reviews,"College have all the necessary infrastructure, facilities, and equipment.",POSITIVE,0.5314
Careers360,https://www.careers360.com/colleges/bhagwan-parshuram-institute-of-technology-delhi/reviews,Laboratories and library is also there but again those are very small and not well maintained.,NEGATIVE,-0.825
Careers360,https://www.careers360.com/colleges/bhagwan-parshuram-institute-of-technology-delhi/reviews,I am student of Btech computer science.,NEUTRAL,0.0
Careers360,https://www.careers360.com/colleges/bhagwan-parshuram-institute-of-technology-delhi/reviews,Quality of all the professors are awesome because all are phd holders.,POSITIVE,0.8669
Careers360,https://www.careers360.com/colleges/bhagwan-parshuram-institute-of-technology-delhi/reviews,Definitely study makes here you job ready because their perfect teaching style.,POSITIVE,0.7825
Careers360,https://www.careers360.com/colleges/bhagwan-parshuram-institute-of-technology-delhi/reviews,It's a A grade college so don't worry for academics.,NEUTRAL,0.0
Careers360,https://www.careers360.com/colleges/bhagwan-parshuram-institute-of-technology-delhi/reviews,Mostly students get placement from here.,NEUTRAL,0.0
Careers360,https://www.careers360.com/colleges/bhagwan-parshuram-institute-of-technology-delhi/reviews,Which is around 80 to 85 percent.,NEUTRAL,0.0
Careers360,https://www.careers360.com/colleges/bhagwan-parshuram-institute-of-technology-delhi/reviews,Highets package here is 60 lakhs.,NEUTRAL,0.0
Careers360,https://www.careers360.com/colleges/bhagwan-parshuram-institute-of-technology-delhi/reviews,Big thing is Microsoft also comes for placement.,POSITIVE,0.479
Careers360,https://www.careers360.com/colleges/bhagwan-parshuram-institute-of-technology-delhi/reviews,Average salary is around 7 Lpa.,NEUTRAL,0.0
Careers360,https://www.careers360.com/colleges/bhagwan-parshuram-institute-of-technology-delhi/reviews,Placement process is easy because knowledge you will get here is very important.,POSITIVE,0.5876
Careers360,https://www.careers360.com/colleges/bhagwan-parshuram-institute-of-technology-delhi/reviews,Posted on 23 Feb'24 byAnonymous,NEUTRAL,0.0
Careers360,https://www.careers360.com/colleges/bhagwan-parshuram-institute-of-technology-delhi/reviews,The overall infrastructure was good it was nicely build with mess facilities and huge buildings with hostel facilities also the washrooms were build with latest technology and the area covered by the college was big too,POSITIVE,0.7438
Careers360,https://www.careers360.com/colleges/bhagwan-parshuram-institute-of-technology-delhi/reviews,The education provided was good with average level of education,POSITIVE,0.4214
Careers360,https://www.careers360.com/colleges/bhagwan-parshuram-institute-of-technology-delhi/reviews,The teachers were dedicated to teach students and were well qualified also,POSITIVE,0.6756
Careers360,https://www.careers360.com/colleges/bhagwan-parshuram-institute-of-technology-delhi/reviews,The teachers knew how to properly teach students who are not able to catch concepts quickly,NEGATIVE,-0.5155
Careers360,https://www.careers360.com/colleges/bhagwan-parshuram-institute-of-technology-delhi/reviews,The placements were average with three to four lakhs per annum packages provided from the college or we can say University,NEUTRAL,0.0
Careers360,https://www.careers360.com/colleges/bhagwan-parshuram-institute-of-technology-delhi/reviews,Mostly the placements were picked up by students were off campus at my time.,NEUTRAL,0.0
Careers360,https://www.careers360.com/colleges/bhagwan-parshuram-institute-of-technology-delhi/reviews,The value of money was there as the quality of education provided in just fifty thousand rupees only from the college for bba as an undergrad is great with averaged packed of three to five lakhs per year.,NEUTRAL,0.0
Careers360,https://www.careers360.com/colleges/bhagwan-parshuram-institute-of-technology-delhi/reviews,The campus life was fine with many societies,NEUTRAL,0.0
Careers360,https://www.careers360.com/colleges/bhagwan-parshuram-institute-of-technology-delhi/reviews,The society I was in was of sports and there we were responsible for the sporting events which occur in our college .the life of campus was average with students coming from diverse backgrounds,NEUTRAL,0.0
Careers360,https://www.careers360.com/colleges/bhagwan-parshuram-institute-of-technology-delhi/reviews,The overall experience is one of the best experience of my life,POSITIVE,0.9278
Careers360,https://www.careers360.com/colleges/bhagwan-parshuram-institute-of-technology-delhi/reviews,Posted on 11 Feb'24 byAnonymous,NEUTRAL,0.0
Careers360,https://www.careers360.com/colleges/bhagwan-parshuram-institute-of-technology-delhi/reviews,"Great college, good placement opportunities, good faculty, good labs, Infrastructure level is medium but very good placement team and creative and interactive Co-curricular fields.",POSITIVE,0.8578
Careers360,https://www.careers360.com/colleges/bhagwan-parshuram-institute-of-technology-delhi/reviews,"All necessary infrastructure, facilities and equipment available.",NEUTRAL,0.0
Careers360,https://www.careers360.com/colleges/bhagwan-parshuram-institute-of-technology-delhi/reviews,Quality of teaching is good and yes it builds us up theoretically for placements some key subjects that are covered are important in placements and helped us a lot to build the foundation.Practicals are also good.,POSITIVE,0.8041
Careers360,https://www.careers360.com/colleges/bhagwan-parshuram-institute-of-technology-delhi/reviews,Training and placement team is very hardworking and a variety of companies visit campus.,POSITIVE,0.7635
Careers360,https://www.careers360.com/colleges/bhagwan-parshuram-institute-of-technology-delhi/reviews,Quality of placements are really good and 90% students get placed with average salary of 7lpa.,POSITIVE,0.798
Careers360,https://www.careers360.com/colleges/bhagwan-parshuram-institute-of-technology-delhi/reviews,All in all its a value for money.,NEUTRAL,0.0
Careers360,https://www.careers360.com/colleges/bhagwan-parshuram-institute-of-technology-delhi/reviews,Campus life is good with all the various co-curricular teams.,POSITIVE,0.8216
Careers360,https://www.careers360.com/colleges/bhagwan-parshuram-institute-of-technology-delhi/reviews,"Little improvement needed in the management during fests, otherwise it's great .",POSITIVE,0.5488
Careers360,https://www.careers360.com/colleges/bhagwan-parshuram-institute-of-technology-delhi/reviews,The experience was Bad in this college.,NEGATIVE,-0.9424
Careers360,https://www.careers360.com/colleges/bhagwan-parshuram-institute-of-technology-delhi/reviews,Overall the infrasructure was not so well... theere is no cleaniness in the washroom and the classrooms also were quiet fine.,NEGATIVE,-0.8883
Careers360,https://www.careers360.com/colleges/bhagwan-parshuram-institute-of-technology-delhi/reviews,"But some of the areas are so well establised , like the library is so well designed and maintained.",POSITIVE,0.589
Careers360,https://www.careers360.com/colleges/bhagwan-parshuram-institute-of-technology-delhi/reviews,If i talk about the academics than i must say the college need some imporvement in it.,NEGATIVE,-0.4406
Careers360,https://www.careers360.com/colleges/bhagwan-parshuram-institute-of-technology-delhi/reviews,As MBA is the main subject but the faculty and the enviornment was not so well .,NEGATIVE,-0.6818
Careers360,https://www.careers360.com/colleges/bhagwan-parshuram-institute-of-technology-delhi/reviews,As for MBA there must be a strong faculty.,POSITIVE,0.4518
Careers360,https://www.careers360.com/colleges/bhagwan-parshuram-institute-of-technology-delhi/reviews,The placements for MBA in BPIT is avearge...,NEUTRAL,0.0
Careers360,https://www.careers360.com/colleges/bhagwan-parshuram-institute-of-technology-delhi/reviews,As the ROI is not as much and the job areas was limited .,NEUTRAL,0.0
Careers360,https://www.careers360.com/colleges/bhagwan-parshuram-institute-of-technology-delhi/reviews,"So there must be a improvement in the placement , so that the student can get a good oppourtinity.",NEUTRAL,0.0
Careers360,https://www.careers360.com/colleges/bhagwan-parshuram-institute-of-technology-delhi/reviews,For the students who cannot afford the Top B colleges or the area for Mba can go for this college.,NEUTRAL,0.0
Careers360,https://www.careers360.com/colleges/bhagwan-parshuram-institute-of-technology-delhi/reviews,But yes the faculty was not good and there is not a assurance for the job in the college.,NEGATIVE,-0.8745
Careers360,https://www.careers360.com/colleges/bhagwan-parshuram-institute-of-technology-delhi/reviews,In the end you have to get by ur own.,NEUTRAL,0.0
Careers360,https://www.careers360.com/colleges/bhagwan-parshuram-institute-of-technology-delhi/reviews,There is not a particular sports day or event in the college.,NEUTRAL,0.0
Careers360,https://www.careers360.com/colleges/bhagwan-parshuram-institute-of-technology-delhi/reviews,The farewell was also not well organised and they charge a fees for every event .,NEGATIVE,-0.9271
Careers360,https://www.careers360.com/colleges/bhagwan-parshuram-institute-of-technology-delhi/reviews,The college canteen was also not so well.,NEGATIVE,-0.8134
Careers360,https://www.careers360.com/colleges/bhagwan-parshuram-institute-of-technology-delhi/reviews,College is good for low attendance maintainers.,POSITIVE,0.7418
Careers360,https://www.careers360.com/colleges/bhagwan-parshuram-institute-of-technology-delhi/reviews,Posted on 18 Jan'24 byAnonymous,NEUTRAL,0.0
Careers360,https://www.careers360.com/colleges/bhagwan-parshuram-institute-of-technology-delhi/reviews,College infrastructure is quite good.,POSITIVE,0.8846
Careers360,https://www.careers360.com/colleges/bhagwan-parshuram-institute-of-technology-delhi/reviews,A big ground and spacious rooms with prper ventilations but in old buildings there are not enough Air conditioners but in new buildings there are air conditioners.,NEUTRAL,0.0
Careers360,https://www.careers360.com/colleges/bhagwan-parshuram-institute-of-technology-delhi/reviews,Some teachers are very good but some are okay okay some teachers are p.hd in their subject and some are doing p.hd but all over acdemics ia good you have not mandatory to maintain big percentage of attendance.,POSITIVE,0.4029
Careers360,https://www.careers360.com/colleges/bhagwan-parshuram-institute-of-technology-delhi/reviews,Placement is average here 9-11 lpa is average package and highest is 66 lpa from off campus.,NEUTRAL,0.0
Careers360,https://www.careers360.com/colleges/bhagwan-parshuram-institute-of-technology-delhi/reviews,Every year off campus placements are quite than on campus placements the placement cell is very good and happy to help students.,POSITIVE,0.7884
Careers360,https://www.careers360.com/colleges/bhagwan-parshuram-institute-of-technology-delhi/reviews,Around 159k is charged per year for B.Tech but they increase their fee year by year.,NEUTRAL,0.0
Careers360,https://www.careers360.com/colleges/bhagwan-parshuram-institute-of-technology-delhi/reviews,Not much good campus life but better than msit.,POSITIVE,0.47
Careers360,https://www.careers360.com/colleges/bhagwan-parshuram-institute-of-technology-delhi/reviews,"Basic infrastructure, non Ac classroom, Area of college is average, I don't like my college and Regret choosing it.",NEGATIVE,-0.9377
Careers360,https://www.careers360.com/colleges/bhagwan-parshuram-institute-of-technology-delhi/reviews,The campus is very small and compact.,NEUTRAL,0.0
Careers360,https://www.careers360.com/colleges/bhagwan-parshuram-institute-of-technology-delhi/reviews,It feels like a school not a college and I hate it so much,NEGATIVE,-0.946
Careers360,https://www.careers360.com/colleges/bhagwan-parshuram-institute-of-technology-delhi/reviews,"Below average teachers, They are very unprofessional and I don't like them.",NEGATIVE,-0.9513
Careers360,https://www.careers360.com/colleges/bhagwan-parshuram-institute-of-technology-delhi/reviews,They don't support you and they only care about their subject which they don't teach properly.,NEGATIVE,-0.7717
Careers360,https://www.careers360.com/colleges/bhagwan-parshuram-institute-of-technology-delhi/reviews,they are very bad and the average placement this year is 4 lpa.,NEGATIVE,-0.918
Careers360,https://www.careers360.com/colleges/bhagwan-parshuram-institute-of-technology-delhi/reviews,This is the most expensive college in IPU and not value for money,NEGATIVE,-0.8831
Careers360,https://www.careers360.com/colleges/bhagwan-parshuram-institute-of-technology-delhi/reviews,Posted on 28 May'23 byAnonymous,NEUTRAL,0.0
Careers360,https://www.careers360.com/colleges/bhagwan-parshuram-institute-of-technology-delhi/reviews,"i am in bpit college , it is rohini near to metro station rithala or samaypur badli , the college is small and has less things to do but studies are good , classrooms are normal size and dont have ac , library has ac which ocassionally works",NEUTRAL,0.0
Careers360,https://www.careers360.com/colleges/bhagwan-parshuram-institute-of-technology-delhi/reviews,"i am in cse branch in my final year , i ove my teachers and oter faculty , our hod is very supportive and encourages us to start socities and take actively part in them , teachers encourages in studying , doing projects and writing research papers",POSITIVE,0.7145
Careers360,https://www.careers360.com/colleges/bhagwan-parshuram-institute-of-technology-delhi/reviews,i have already grabbed a offer of 14lpa so according to me placements of my college are good and almost all get placed just packages differ some get low of around 6 lpa others also get high of 30 lakh per annum.,NEUTRAL,0.0
Careers360,https://www.careers360.com/colleges/bhagwan-parshuram-institute-of-technology-delhi/reviews,"Among two, I will advice to choose BPIT Delhi.",NEUTRAL,0.0
Careers360,https://www.careers360.com/colleges/bhagwan-parshuram-institute-of-technology-delhi/reviews,IPU's top 4 colleges include BPIT.,NEUTRAL,0.0
Careers360,https://www.careers360.com/colleges/bhagwan-parshuram-institute-of-technology-delhi/reviews,I would consider BPIT to be a very good college based on the placements it has received over the past two or three years.,POSITIVE,0.7852
Careers360,https://www.careers360.com/colleges/bhagwan-parshuram-institute-of-technology-delhi/reviews,"In 2021, BPIT students were hired by organisations offering more",NEUTRAL,0.0
Careers360,https://www.careers360.com/colleges/bhagwan-parshuram-institute-of-technology-delhi/reviews,The top private college in Bhopal is LNCT.,NEUTRAL,0.0
Careers360,https://www.careers360.com/colleges/bhagwan-parshuram-institute-of-technology-delhi/reviews,"Yes, many businesses visit the campus of the LNCT for the CS and IT branches.",NEUTRAL,0.0
Careers360,https://www.careers360.com/colleges/bhagwan-parshuram-institute-of-technology-delhi/reviews,"Companies like Wipro, Constant, Wipro, and others come for hiring.",NEUTRAL,0.0
Careers360,https://www.careers360.com/colleges/bhagwan-parshuram-institute-of-technology-delhi/reviews,"In the lnct, the placement of CS students is excellent.",POSITIVE,0.8525
Careers360,https://www.careers360.com/colleges/bhagwan-parshuram-institute-of-technology-delhi/reviews,"Aside from this, several communications corporations",NEUTRAL,0.0
Careers360,https://www.careers360.com/colleges/bhagwan-parshuram-institute-of-technology-delhi/reviews,i got bpit ece is there any chances to get msit or bvcoe ece in sliding round?,NEUTRAL,0.0
Careers360,https://www.careers360.com/colleges/bhagwan-parshuram-institute-of-technology-delhi/reviews,"Bpit, msit , and bvcoe are IPU college.",NEUTRAL,0.0
Careers360,https://www.careers360.com/colleges/bhagwan-parshuram-institute-of-technology-delhi/reviews,"If you get bpit ece , then your crl rank must be above 1 lakh .",NEUTRAL,0.0
Careers360,https://www.careers360.com/colleges/bhagwan-parshuram-institute-of-technology-delhi/reviews,If there are number of vacant seats,NEUTRAL,0.0
Careers360,https://www.careers360.com/colleges/bhagwan-parshuram-institute-of-technology-delhi/reviews,View Reviews Of Similar Colleges,NEUTRAL,0.0
Careers360,https://www.careers360.com/colleges/bhagwan-parshuram-institute-of-technology-delhi/reviews,All this at the convenience of your phone,NEUTRAL,0.0
Careers360,https://www.careers360.com/colleges/bhagwan-parshuram-institute-of-technology-delhi/reviews,Detailed Books and Sample Papers,NEUTRAL,0.0
Careers360,https://www.careers360.com/colleges/bhagwan-parshuram-institute-of-technology-delhi/reviews,We endeavor to keep you informed and help you choose the right Career path.,POSITIVE,0.5921
Collegedunia,https://collegedunia.com/college/13032-bhagwan-parshuram-institute-of-technology-bpit-new-delhi/reviews,"BPIT Reviews on Placements, Faculty and Facilities",NEUTRAL,0.0
Collegedunia,https://collegedunia.com/college/13032-bhagwan-parshuram-institute-of-technology-bpit-new-delhi/reviews,Will You Get InGet Contact Details,NEUTRAL,0.0
Collegedunia,https://collegedunia.com/college/13032-bhagwan-parshuram-institute-of-technology-bpit-new-delhi/reviews,Their teachings are good overall and good communication skills with students providing best quality of education.,POSITIVE,0.8321
Collegedunia,https://collegedunia.com/college/13032-bhagwan-parshuram-institute-of-technology-bpit-new-delhi/reviews,It is easy to gain scholarship if you have low income certificate.,NEUTRAL,0.0
Collegedunia,https://collegedunia.com/college/13032-bhagwan-parshuram-institute-of-technology-bpit-new-delhi/reviews,Bhagwan parshuram institute of technology formerly affiliated to guru gobind singh indrprasth university dwarka.this collage is best for campus placement .right now i'm in final year and the t&p department work hard to provides placements to students,POSITIVE,0.4913
Collegedunia,https://collegedunia.com/college/13032-bhagwan-parshuram-institute-of-technology-bpit-new-delhi/reviews,Campus size is only 5 acres so that is a negative for the college.,NEGATIVE,-0.7571
Collegedunia,https://collegedunia.com/college/13032-bhagwan-parshuram-institute-of-technology-bpit-new-delhi/reviews,Infrastructure is too small and not well used many places are empty which can be filled with something and there is no ac in classrooms,NEGATIVE,-0.9078
Collegedunia,https://collegedunia.com/college/13032-bhagwan-parshuram-institute-of-technology-bpit-new-delhi/reviews,Infrastructure is not so good and classroom are non ac,NEGATIVE,-0.9111
Collegedunia,https://collegedunia.com/college/13032-bhagwan-parshuram-institute-of-technology-bpit-new-delhi/reviews,These insights are automatically extracted from student reviews,NEUTRAL,0.0
Collegedunia,https://collegedunia.com/college/13032-bhagwan-parshuram-institute-of-technology-bpit-new-delhi/reviews,Why To Join BPIT - Reviews & Rating,NEUTRAL,0.0
Collegedunia,https://collegedunia.com/college/13032-bhagwan-parshuram-institute-of-technology-bpit-new-delhi/reviews,& Win Monthly Prizes Up to ₹1 Lakh/-\,NEUTRAL,0.0
Collegedunia,https://collegedunia.com/college/13032-bhagwan-parshuram-institute-of-technology-bpit-new-delhi/reviews,Faculty (62)Internship (51)Good Placement (47)Semester (37)+11 More,NEUTRAL,0.0
Collegedunia,https://collegedunia.com/college/13032-bhagwan-parshuram-institute-of-technology-bpit-new-delhi/reviews,"Reviewed on Mar 22, 2026(Enrolled 2023)",NEUTRAL,0.0
Collegedunia,https://collegedunia.com/college/13032-bhagwan-parshuram-institute-of-technology-bpit-new-delhi/reviews,The thing which I liked about bpit is the structure of the campus and,POSITIVE,0.7146
Collegedunia,https://collegedunia.com/college/13032-bhagwan-parshuram-institute-of-technology-bpit-new-delhi/reviews,The second thing which I liked is the Cleanliness of the campus,POSITIVE,0.8582
Collegedunia,https://collegedunia.com/college/13032-bhagwan-parshuram-institute-of-technology-bpit-new-delhi/reviews,The college has Maintained labs and libraries.,NEUTRAL,0.0
Collegedunia,https://collegedunia.com/college/13032-bhagwan-parshuram-institute-of-technology-bpit-new-delhi/reviews,The size of the campus is very small.,NEGATIVE,-0.768
Collegedunia,https://collegedunia.com/college/13032-bhagwan-parshuram-institute-of-technology-bpit-new-delhi/reviews,The wifi of the college do not work properly.,NEGATIVE,-0.8638
Collegedunia,https://collegedunia.com/college/13032-bhagwan-parshuram-institute-of-technology-bpit-new-delhi/reviews,Events and fests which college organised is very limited.,NEUTRAL,0.0
Collegedunia,https://collegedunia.com/college/13032-bhagwan-parshuram-institute-of-technology-bpit-new-delhi/reviews,"The placement opportunities is quite decent ,especiallyfor CSE and IT branches.The average package for these branches ranges aroud 7-8 lpa whileover median package is around 4.5lpa .However,placements are not equally strong for all branches and students need to work on their skills to getgood offers.",NEUTRAL,0.0
Collegedunia,https://collegedunia.com/college/13032-bhagwan-parshuram-institute-of-technology-bpit-new-delhi/reviews,"Reviewed on Mar 1, 2026(Enrolled 2020)",NEUTRAL,0.0
Collegedunia,https://collegedunia.com/college/13032-bhagwan-parshuram-institute-of-technology-bpit-new-delhi/reviews,Infrastructure was very good .,POSITIVE,0.7731
Collegedunia,https://collegedunia.com/college/13032-bhagwan-parshuram-institute-of-technology-bpit-new-delhi/reviews,Had a sports faculty for each and every sport,NEUTRAL,0.0
Collegedunia,https://collegedunia.com/college/13032-bhagwan-parshuram-institute-of-technology-bpit-new-delhi/reviews,various events were also been organished by the college,NEUTRAL,0.0
Collegedunia,https://collegedunia.com/college/13032-bhagwan-parshuram-institute-of-technology-bpit-new-delhi/reviews,The faculty use to take time to resolve the stutdents issue,NEUTRAL,0.0
Collegedunia,https://collegedunia.com/college/13032-bhagwan-parshuram-institute-of-technology-bpit-new-delhi/reviews,sports equipment were not provided most of the time,NEUTRAL,0.0
Collegedunia,https://collegedunia.com/college/13032-bhagwan-parshuram-institute-of-technology-bpit-new-delhi/reviews,from 6th sem students were eligible for camous placement,NEUTRAL,0.0
Collegedunia,https://collegedunia.com/college/13032-bhagwan-parshuram-institute-of-technology-bpit-new-delhi/reviews,"there were many companies like accenture,CG infinity ,justjelly,..etc",NEUTRAL,0.0
Collegedunia,https://collegedunia.com/college/13032-bhagwan-parshuram-institute-of-technology-bpit-new-delhi/reviews,Highest package was of 30lpa and average package is of 4 lpa,NEUTRAL,0.0
Collegedunia,https://collegedunia.com/college/13032-bhagwan-parshuram-institute-of-technology-bpit-new-delhi/reviews,50 perecent student were placed,NEUTRAL,0.0
Collegedunia,https://collegedunia.com/college/13032-bhagwan-parshuram-institute-of-technology-bpit-new-delhi/reviews,my plans are for further studies,NEUTRAL,0.0
Collegedunia,https://collegedunia.com/college/13032-bhagwan-parshuram-institute-of-technology-bpit-new-delhi/reviews,"Reviewed on Mar 1, 2025(Enrolled 2024)",NEUTRAL,0.0
Collegedunia,https://collegedunia.com/college/13032-bhagwan-parshuram-institute-of-technology-bpit-new-delhi/reviews,Things i liked is our playground which is big enough for us aswe can play so many games,POSITIVE,0.7089
Collegedunia,https://collegedunia.com/college/13032-bhagwan-parshuram-institute-of-technology-bpit-new-delhi/reviews,Our basket ball court is very beautiful and asthetic,POSITIVE,0.9183
Collegedunia,https://collegedunia.com/college/13032-bhagwan-parshuram-institute-of-technology-bpit-new-delhi/reviews,And we also have an indoor badminton court type area,NEUTRAL,0.0
Collegedunia,https://collegedunia.com/college/13032-bhagwan-parshuram-institute-of-technology-bpit-new-delhi/reviews,Things i disliked is the crowd of college is not much good as i expected to be,NEGATIVE,-0.9245
Collegedunia,https://collegedunia.com/college/13032-bhagwan-parshuram-institute-of-technology-bpit-new-delhi/reviews,Our class has no ac facilities during summer season,NEGATIVE,-0.6331
Collegedunia,https://collegedunia.com/college/13032-bhagwan-parshuram-institute-of-technology-bpit-new-delhi/reviews,Our canteen area is so unhygienic but it is ok,NEGATIVE,-0.9107
Collegedunia,https://collegedunia.com/college/13032-bhagwan-parshuram-institute-of-technology-bpit-new-delhi/reviews,In third year students become eligible for placements there are so many companies visited in our college and they made a good amount of offers to the students,POSITIVE,0.7846
Collegedunia,https://collegedunia.com/college/13032-bhagwan-parshuram-institute-of-technology-bpit-new-delhi/reviews,Highest package is 12lpa and avergae is 3-4 lpa,NEUTRAL,0.0
Collegedunia,https://collegedunia.com/college/13032-bhagwan-parshuram-institute-of-technology-bpit-new-delhi/reviews,My plans is to do post graduation,NEUTRAL,0.0
Collegedunia,https://collegedunia.com/college/13032-bhagwan-parshuram-institute-of-technology-bpit-new-delhi/reviews,"Reviewed on Jan 26, 2025(Enrolled 2024)",NEUTRAL,0.0
Collegedunia,https://collegedunia.com/college/13032-bhagwan-parshuram-institute-of-technology-bpit-new-delhi/reviews,"I like the staff and teaching as they are friendly with the students, we got good internals too",POSITIVE,0.8643
Collegedunia,https://collegedunia.com/college/13032-bhagwan-parshuram-institute-of-technology-bpit-new-delhi/reviews,I like actives like events and fests organised here,POSITIVE,0.7115
Collegedunia,https://collegedunia.com/college/13032-bhagwan-parshuram-institute-of-technology-bpit-new-delhi/reviews,Playground including basketball court and cricket ground,NEUTRAL,0.0
Collegedunia,https://collegedunia.com/college/13032-bhagwan-parshuram-institute-of-technology-bpit-new-delhi/reviews,Placements were not that good and most are off campus,NEGATIVE,-0.7618
Collegedunia,https://collegedunia.com/college/13032-bhagwan-parshuram-institute-of-technology-bpit-new-delhi/reviews,Curriculum is very strict and many classes per week.,NEGATIVE,-0.753
Collegedunia,https://collegedunia.com/college/13032-bhagwan-parshuram-institute-of-technology-bpit-new-delhi/reviews,"Infrastructure is not that good , we don't have auditorium.",NEGATIVE,-0.8178
Collegedunia,https://collegedunia.com/college/13032-bhagwan-parshuram-institute-of-technology-bpit-new-delhi/reviews,"Reviewed on Jan 21, 2025(Enrolled 2024)",NEUTRAL,0.0
Collegedunia,https://collegedunia.com/college/13032-bhagwan-parshuram-institute-of-technology-bpit-new-delhi/reviews,The faculty is good they dont nag much about things.,POSITIVE,0.4485
Collegedunia,https://collegedunia.com/college/13032-bhagwan-parshuram-institute-of-technology-bpit-new-delhi/reviews,Some professors are very keen in passing down knowledge.,POSITIVE,0.4897
Collegedunia,https://collegedunia.com/college/13032-bhagwan-parshuram-institute-of-technology-bpit-new-delhi/reviews,The attendance policy is not as strict as msit or bvcoe which is good.,NEUTRAL,0.0
Collegedunia,https://collegedunia.com/college/13032-bhagwan-parshuram-institute-of-technology-bpit-new-delhi/reviews,The teachers dont go too hard while giving internals.,NEGATIVE,-0.4891
Collegedunia,https://collegedunia.com/college/13032-bhagwan-parshuram-institute-of-technology-bpit-new-delhi/reviews,The girl to boy ratio is very good tbh there are more girls then you would expect from an engineering college,POSITIVE,0.7379
Collegedunia,https://collegedunia.com/college/13032-bhagwan-parshuram-institute-of-technology-bpit-new-delhi/reviews,Infrastructure is very bad its basically just one building.,NEGATIVE,-0.9597
Collegedunia,https://collegedunia.com/college/13032-bhagwan-parshuram-institute-of-technology-bpit-new-delhi/reviews,the canteen food is not that good its decent though,NEGATIVE,-0.4928
Collegedunia,https://collegedunia.com/college/13032-bhagwan-parshuram-institute-of-technology-bpit-new-delhi/reviews,there's no ac in classrooms in summers its very bad,NEGATIVE,-0.9502
Collegedunia,https://collegedunia.com/college/13032-bhagwan-parshuram-institute-of-technology-bpit-new-delhi/reviews,The placement at my college is pretty decent considering its a tier 3 clg at best no one comes with much hopes of on campus placement.,POSITIVE,0.4648
Collegedunia,https://collegedunia.com/college/13032-bhagwan-parshuram-institute-of-technology-bpit-new-delhi/reviews,But its still decent compared to other ipu private clgs.,POSITIVE,0.4845
Collegedunia,https://collegedunia.com/college/13032-bhagwan-parshuram-institute-of-technology-bpit-new-delhi/reviews,I am up skilling and trying to network in order to grab off campus offers,NEUTRAL,0.0
Collegedunia,https://collegedunia.com/college/13032-bhagwan-parshuram-institute-of-technology-bpit-new-delhi/reviews,"Reviewed on Jan 7, 2025(Enrolled 2023)",NEUTRAL,0.0
Collegedunia,https://collegedunia.com/college/13032-bhagwan-parshuram-institute-of-technology-bpit-new-delhi/reviews,the girls to boys ratio is good. it is around 1:2,NEUTRAL,0.0
Collegedunia,https://collegedunia.com/college/13032-bhagwan-parshuram-institute-of-technology-bpit-new-delhi/reviews,"the faculty is experienced, all graduated from good colleges",POSITIVE,0.6335
Collegedunia,https://collegedunia.com/college/13032-bhagwan-parshuram-institute-of-technology-bpit-new-delhi/reviews,the campus is too small. it is around 5 acres only,NEGATIVE,-0.7151
Collegedunia,https://collegedunia.com/college/13032-bhagwan-parshuram-institute-of-technology-bpit-new-delhi/reviews,the facilities provided are average. the building is irregular.,NEGATIVE,-0.9195
Collegedunia,https://collegedunia.com/college/13032-bhagwan-parshuram-institute-of-technology-bpit-new-delhi/reviews,placements are very good every year. highest package was 54 lakhs from zomato. average is 9 lpa. from 360 students in CS and IT more than 250 students were placed at a good package. my plans after getting the degree is to go for MBA,POSITIVE,0.6016
Collegedunia,https://collegedunia.com/college/13032-bhagwan-parshuram-institute-of-technology-bpit-new-delhi/reviews,"Reviewed on Jan 5, 2025(Enrolled 2022)",NEUTRAL,0.0
Collegedunia,https://collegedunia.com/college/13032-bhagwan-parshuram-institute-of-technology-bpit-new-delhi/reviews,I likes the supporting teachers and the ground facility of the college,POSITIVE,0.6968
Collegedunia,https://collegedunia.com/college/13032-bhagwan-parshuram-institute-of-technology-bpit-new-delhi/reviews,I really likes the support that teachers show when you want to learn anything beyond the basic course,POSITIVE,0.886
Collegedunia,https://collegedunia.com/college/13032-bhagwan-parshuram-institute-of-technology-bpit-new-delhi/reviews,Dislikes the strictness towards the attendance,NEGATIVE,-0.9205
Collegedunia,https://collegedunia.com/college/13032-bhagwan-parshuram-institute-of-technology-bpit-new-delhi/reviews,Canteen is even worse when it comes to variety and taste of the food,NEGATIVE,-0.9257
Collegedunia,https://collegedunia.com/college/13032-bhagwan-parshuram-institute-of-technology-bpit-new-delhi/reviews,"Campus placement is average, not so good you get mostly call centre jobs with around 3-4L package and not so interesting job profiles.",NEGATIVE,-0.9111
Collegedunia,https://collegedunia.com/college/13032-bhagwan-parshuram-institute-of-technology-bpit-new-delhi/reviews,So I would prefer a out placement over on campus placemenet when it clmes to my college.,NEUTRAL,0.0
Collegedunia,https://collegedunia.com/college/13032-bhagwan-parshuram-institute-of-technology-bpit-new-delhi/reviews,"Reviewed on Dec 28, 2024(Enrolled 2024)",NEUTRAL,0.0
Collegedunia,https://collegedunia.com/college/13032-bhagwan-parshuram-institute-of-technology-bpit-new-delhi/reviews,Electronics and communication engineering isn't that tough. people say that it's tough but as of first year student. there's no stress for all that stuff.,NEUTRAL,0.0
Collegedunia,https://collegedunia.com/college/13032-bhagwan-parshuram-institute-of-technology-bpit-new-delhi/reviews,Professors are fun and have well equipped lab here.,POSITIVE,0.8984
Collegedunia,https://collegedunia.com/college/13032-bhagwan-parshuram-institute-of-technology-bpit-new-delhi/reviews,"Reviewed on Dec 20, 2024(Enrolled 2021)",NEUTRAL,0.0
Collegedunia,https://collegedunia.com/college/13032-bhagwan-parshuram-institute-of-technology-bpit-new-delhi/reviews,Any topic that is left to teach in the class.,NEUTRAL,0.0
Collegedunia,https://collegedunia.com/college/13032-bhagwan-parshuram-institute-of-technology-bpit-new-delhi/reviews,Teachers are accountable for doubts,NEUTRAL,0.0
Collegedunia,https://collegedunia.com/college/13032-bhagwan-parshuram-institute-of-technology-bpit-new-delhi/reviews,"Co-curriculum events: There are several sports events, parties, alumni meets, debate competitions",NEUTRAL,0.0
Collegedunia,https://collegedunia.com/college/13032-bhagwan-parshuram-institute-of-technology-bpit-new-delhi/reviews,Canteen: the mess provides decent food and is hygenic,NEGATIVE,-0.7499
Collegedunia,https://collegedunia.com/college/13032-bhagwan-parshuram-institute-of-technology-bpit-new-delhi/reviews,Lack of community engagement: everyone is busy in there all lives.,NEGATIVE,-0.8902
Collegedunia,https://collegedunia.com/college/13032-bhagwan-parshuram-institute-of-technology-bpit-new-delhi/reviews,No boys hostel: there is no boys hostel.,NEGATIVE,-0.4862
Collegedunia,https://collegedunia.com/college/13032-bhagwan-parshuram-institute-of-technology-bpit-new-delhi/reviews,Less practical exposure: there is less practical exposure to subject practicals,NEGATIVE,-0.5309
Collegedunia,https://collegedunia.com/college/13032-bhagwan-parshuram-institute-of-technology-bpit-new-delhi/reviews,I am the Head Student Placement Coordinator of my batch.,NEUTRAL,0.0
Collegedunia,https://collegedunia.com/college/13032-bhagwan-parshuram-institute-of-technology-bpit-new-delhi/reviews,Students are eligible for placement in the 7th semester.,NEUTRAL,0.0
Collegedunia,https://collegedunia.com/college/13032-bhagwan-parshuram-institute-of-technology-bpit-new-delhi/reviews,"There are various companies visiting the campus like Accenture, JTG, newgen, Unthinkable solutions, capgemini, cognizant and various Startups. with average offers made is 10 students apart from mass recruiters that take 70-80 students.",NEUTRAL,0.0
Collegedunia,https://collegedunia.com/college/13032-bhagwan-parshuram-institute-of-technology-bpit-new-delhi/reviews,Highest package is 27LPA by Josh and average package is 5LPA.,NEUTRAL,0.0
Collegedunia,https://collegedunia.com/college/13032-bhagwan-parshuram-institute-of-technology-bpit-new-delhi/reviews,Overall 75% students are placed.,NEUTRAL,0.0
Collegedunia,https://collegedunia.com/college/13032-bhagwan-parshuram-institute-of-technology-bpit-new-delhi/reviews,My plans after degree is placement only.,NEUTRAL,0.0
Collegedunia,https://collegedunia.com/college/13032-bhagwan-parshuram-institute-of-technology-bpit-new-delhi/reviews,I'm placed in a company by the college only,NEUTRAL,0.0
Collegedunia,https://collegedunia.com/college/13032-bhagwan-parshuram-institute-of-technology-bpit-new-delhi/reviews,"Reviewed on Dec 15, 2024(Enrolled 2024)",NEUTRAL,0.0
Collegedunia,https://collegedunia.com/college/13032-bhagwan-parshuram-institute-of-technology-bpit-new-delhi/reviews,Faculties are well educated and good they will help you when need,POSITIVE,0.6764
Collegedunia,https://collegedunia.com/college/13032-bhagwan-parshuram-institute-of-technology-bpit-new-delhi/reviews,"Placement is good and cs and it and decent in ece , avoid eee",POSITIVE,0.381
Collegedunia,https://collegedunia.com/college/13032-bhagwan-parshuram-institute-of-technology-bpit-new-delhi/reviews,As it's located in rohini you will have good areas to visit and near dtu,POSITIVE,0.6707
Collegedunia,https://collegedunia.com/college/13032-bhagwan-parshuram-institute-of-technology-bpit-new-delhi/reviews,Fees is little bit more as compared to other top ipu colleges,NEUTRAL,0.0
Collegedunia,https://collegedunia.com/college/13032-bhagwan-parshuram-institute-of-technology-bpit-new-delhi/reviews,They don't provide any help in education loan,NEGATIVE,-0.8508
Collegedunia,https://collegedunia.com/college/13032-bhagwan-parshuram-institute-of-technology-bpit-new-delhi/reviews,Placement opportunities are here is good.,POSITIVE,0.8341
Collegedunia,https://collegedunia.com/college/13032-bhagwan-parshuram-institute-of-technology-bpit-new-delhi/reviews,Companies come here with the package of 3 LPA to 35-37 LPA and for more you have to apply off campus.,NEUTRAL,0.0
Collegedunia,https://collegedunia.com/college/13032-bhagwan-parshuram-institute-of-technology-bpit-new-delhi/reviews,Cse and it avg will be around 9-10 lpa and ece will be 6-7 lp and eee will be around 4-5.,NEUTRAL,0.0
Collegedunia,https://collegedunia.com/college/13032-bhagwan-parshuram-institute-of-technology-bpit-new-delhi/reviews,How likely are you to recommend collegedunia.com to a friend or a colleague?,NEUTRAL,0.0
Collegedunia,https://collegedunia.com/college/13032-bhagwan-parshuram-institute-of-technology-bpit-new-delhi/reviews,"Written BySapnaon Apr 16, 2026",NEUTRAL,0.0
Collegedunia,https://collegedunia.com/college/13032-bhagwan-parshuram-institute-of-technology-bpit-new-delhi/reviews,"Written BySapnaon Apr 12, 2026",NEUTRAL,0.0
Collegedunia,https://collegedunia.com/college/13032-bhagwan-parshuram-institute-of-technology-bpit-new-delhi/reviews,"Written ByGarimaon Mar 30, 2026",NEUTRAL,0.0
Collegedunia,https://collegedunia.com/college/13032-bhagwan-parshuram-institute-of-technology-bpit-new-delhi/reviews,Near By CollegesSimilar Colleges,NEUTRAL,0.0
Collegedunia,https://collegedunia.com/college/13032-bhagwan-parshuram-institute-of-technology-bpit-new-delhi/reviews,Are You Interested in this College?,NEUTRAL,0.0
Collegedunia,https://collegedunia.com/college/13032-bhagwan-parshuram-institute-of-technology-bpit-new-delhi/reviews,"Professor, Department of Computer Science & Engineering",NEUTRAL,0.0
Collegedunia,https://collegedunia.com/college/13032-bhagwan-parshuram-institute-of-technology-bpit-new-delhi/reviews,BE/B.Tech - Bachelor of Technology,NEUTRAL,0.0
Collegedunia,https://collegedunia.com/college/13032-bhagwan-parshuram-institute-of-technology-bpit-new-delhi/reviews,MBBS - Bachelor of Medicine & Bachelor of Surgery,NEUTRAL,0.0
Collegedunia,https://collegedunia.com/college/13032-bhagwan-parshuram-institute-of-technology-bpit-new-delhi/reviews,BBA/BMS - Bachelor of Business Administration,NEUTRAL,0.0
Collegedunia,https://collegedunia.com/college/13032-bhagwan-parshuram-institute-of-technology-bpit-new-delhi/reviews,CHOOSE YOUR COURSEBE/B.Tech - Bachelors (Technology)MBA/PGDM - Masters (Business Administration)BBA/BBM - Bachelors (Business Administration)B.Com - Bachelors (Commerce)BA - Bachelors (Arts)MA - Masters (Arts)MBBS - Bachelors (Medicince and Surgery)BCA - Bachelors (Computer Applications)MCA - Masters (Computer Applications)ME/M.Tech - Masters (Technology)B.Sc - Bachelors (Science)M.Sc - Masters (Science)B.Arch - Bachelor (Architecture)BVSc - Bachelor (Veterinary Sciences)Bachelor of Animation - Bachelor (Animation)BSW - Bachelor (Arts)LLB - Bachelor (Law)BPH - Bachelor (Medical)B.F.Sc - Bachelor (Science)Bachelors (Animation & Graphic Design) - Bachelor (Arts)B.P.Ed - Bachelor (Education)BFA - Bachelor (Arts)BUMS - Bachelor (Medical)Bachelor of Physiotherapy(BPT) - Bachelor (Medical)B.Planning - Bachelor (Architecture)BHMS - Bachelor (Medical)BBA (Aviation) - Bachelor (Aviation)MBBS - Bachelors (Medicince and Surgery)BMM - Bachelor (Mass Communications)BHM - Bachelor (Hotel Management)B.Com - Bachelors (Commerce)B.Des - Bachelor (Design)B.Ed - Bachelor (Education)B.Pharm - Bachelor (Pharmacy)B.Sc - Bachelors (Science)B.Sc (Agriculture) - Bachelor (Agriculture)B.Sc (Medicine) - Bachelor (Medical)B.Sc (Nursing) - Bachelor (Paramedical)BA - Bachelors (Arts)Bachelors in Vocational Courses - Bachelor (Vocational Courses)BAMS - Bachelor (Medical)BBA/BBM - Bachelors (Business Administration)BCA - Bachelors (Computer Applications)BE/B.Tech - Bachelors (Technology)BDS - Bachelor (Dental)M.Phil/Ph.D in Paramedical - Doctorate (Paramedical)M.Phil/Ph.D in Medicine - Doctorate (Medical)M.Phil/Ph.D in Pharmacy - Doctorate (Pharmacy)M.Phil/Ph.D in Science - Doctorate (Science)MD - Doctorate (Medical)Ph.D in Veterinary Science - Doctorate (Veterinary Sciences)M.Phil/Ph.D in Mass Communication - Doctorate (Mass Communications)M.Phil/Ph.D in Management - Doctorate (Management)M.Phil/Ph.D in Law - Doctorate (Law)M.Phil/Ph.D in Architecture - Doctorate (Architecture)M.Phil/Ph.D in Arts - Doctorate (Arts)M.Phil/Ph.D in Commerce - Doctorate (Commerce)M.Phil/Ph.D in Computer Applications - Doctorate (Computer Applications)M.Phil/Ph.D in Dental - Doctorate (Dental)M.Phil/Ph.D in Agriculture - Doctorate (Agriculture)M.Phil/Ph.D in Design - Doctorate (Design)M.Phil/Ph.D in Hotel Management - Doctorate (Hotel Management)M.Phil/Ph.D in Engineering - Doctorate (Engineering)M.Phil/Ph.D in Education - Doctorate (Education)D.Litt - Doctorate (Arts)M.Des - Masters (Design)M.P.Ed - Masters (Education)MHA - Masters (Management)M.Ed - Masters (Education)M.Com - Masters (Commerce)Executive MBA - Masters (Management)MVSc - Masters (Veterinary Sciences)Master of Animation - Masters (Animation)M.Ch - Masters (Medical)M.Arch - Masters (Architecture)M.F.Sc - Masters (Science)MPH - Masters (Medical)LLM - Masters (Law)MSW - Masters (Arts)MMS - Masters (Management)M.Pharm - Masters (Pharmacy)MS - Masters (Medical)M.Sc - Masters (Science)M.Sc (Agriculture) - Masters (Agriculture)M.Sc (Aviation) - Masters (Aviation)M.Sc (Medicine) - Masters (Medical)M.Sc (Nursing) - Masters (Paramedical)MA - Masters (Arts)Master of Physiotherapy(MPT) - Masters (Medical)Masters in Vocational Courses - Masters (Vocational Courses)MBA/PGDM - Masters (Business Administration)MCA - Masters (Computer Applications)MDS - Masters (Dental)ME/M.Tech - Masters (Technology)MHM - Masters (Hotel Management)MMC - Masters (Mass Communications)M.Planning - Masters (Architecture),NEUTRAL,0.0
